split,snapshot_time,score_family,top_k,horizon_min,events,sessions,avg_fwd_atr,median_fwd_atr,positive_rate,session_avg_fwd_atr,session_ci_low,session_ci_high
DEV,09:45,MOMENTUM_ONLY,1,30,449,449,-0.13621109702467013,-0.1669611307420184,0.42316258351893093,-0.13621109702467013,-0.2521041090627982,-0.022605808647592276
DEV,09:45,MOMENTUM_ONLY,1,60,449,449,-0.21554329601201014,-0.2212467076382743,0.4365256124721604,-0.2155432960120101,-0.3685271650768001,-0.07184075813480605
DEV,09:45,MOMENTUM_ONLY,1,120,449,449,-0.23368857498957982,-0.3868225292242145,0.40311804008908686,-0.23368857498957982,-0.4256304465764688,-0.03320725923266715
DEV,09:45,MOMENTUM_ONLY,3,30,1349,450,-0.03999335443008115,-0.11063487811411125,0.4462564862861379,-0.04073751722884511,-0.1147131533519461,0.03671325752318006
DEV,09:45,MOMENTUM_ONLY,3,60,1349,450,-0.043908472027919566,-0.14189189189187046,0.45441067457375833,-0.04491434195678027,-0.14125557772199113,0.05208619980124247
DEV,09:45,MOMENTUM_ONLY,3,120,1349,450,-0.024553572814918663,-0.18030743664311874,0.45218680504077097,-0.026482286294377193,-0.14859009860569194,0.09795364223643735
DEV,09:45,MOMENTUM_ONLY,5,30,2249,450,-0.031534767488066724,-0.09512254307207618,0.45264562027567806,-0.03210796892881007,-0.09939523866337974,0.031097570301024537
DEV,09:45,MOMENTUM_ONLY,5,60,2249,450,-0.04638740481862588,-0.14016629899880498,0.45664739884393063,-0.04677189077915407,-0.1304765848439537,0.04206808286857721
DEV,09:45,MOMENTUM_ONLY,5,120,2249,450,-0.028266817139468985,-0.18030743664311874,0.45975989328590483,-0.029252196401291883,-0.13991384971233098,0.08214002040637323
DEV,09:45,MOMENTUM_VOLUME,1,30,441,441,-0.06109295543784806,-0.16733067729081139,0.4331065759637188,-0.06109295543784806,-0.1760570739847709,0.056397300082414496
DEV,09:45,MOMENTUM_VOLUME,1,60,441,441,-0.08700363574174023,-0.19855159927579216,0.4444444444444444,-0.08700363574174022,-0.23988904753196594,0.06726572840229268
DEV,09:45,MOMENTUM_VOLUME,1,120,441,441,-0.12304498902378255,-0.2831050228310433,0.4308390022675737,-0.1230449890237826,-0.32725849143899316,0.09667997333820681
DEV,09:45,MOMENTUM_VOLUME,3,30,1323,441,-0.08821208307117454,-0.1353251318101819,0.4383975812547241,-0.08821208307117452,-0.16197637906901927,-0.008570442033826809
DEV,09:45,MOMENTUM_VOLUME,3,60,1323,441,-0.07562365375195712,-0.14629985071443782,0.46107331821617537,-0.0756236537519571,-0.17543427217551966,0.025130964715933846
DEV,09:45,MOMENTUM_VOLUME,3,120,1323,441,-0.08814744427695921,-0.18181818181818182,0.4603174603174603,-0.0881474442769592,-0.22582854192340981,0.051383838313841544
DEV,09:45,MOMENTUM_VOLUME,5,30,2205,441,-0.037258670623918196,-0.10346787947698999,0.45396825396825397,-0.03725867062391821,-0.09945055532678548,0.02831217611502371
DEV,09:45,MOMENTUM_VOLUME,5,60,2205,441,-0.02444983564817435,-0.12572161642079066,0.4616780045351474,-0.024449835648174344,-0.11065364900225975,0.05989364559220752
DEV,09:45,MOMENTUM_VOLUME,5,120,2205,441,-0.031622999661771886,-0.15127701375247363,0.4657596371882086,-0.031622999661771886,-0.16205848727988054,0.08690612824964776
DEV,09:45,QUALITY_3,1,30,441,441,-0.08416234067065094,-0.1353251318101819,0.43537414965986393,-0.08416234067065094,-0.205651704112567,0.03969280728976178
DEV,09:45,QUALITY_3,1,60,441,441,-0.06305419530181544,-0.183783783783789,0.4580498866213152,-0.06305419530181543,-0.2140352197880901,0.08845815894525637
DEV,09:45,QUALITY_3,1,120,441,441,-0.08118789614675977,-0.2598607888630948,0.4421768707482993,-0.08118789614675981,-0.2755804598898598,0.1303757049321891
DEV,09:45,QUALITY_3,3,30,1323,441,-0.03718051738121341,-0.0887761572606218,0.45729402872260017,-0.037180517381213404,-0.12107397368543654,0.04535701148410397
DEV,09:45,QUALITY_3,3,60,1323,441,-0.03114691408027368,-0.17186700767264157,0.4595616024187453,-0.031146914080273702,-0.13743483128931225,0.08500890382743097
DEV,09:45,QUALITY_3,3,120,1323,441,-0.024077689198320467,-0.17270751336427212,0.46485260770975056,-0.024077689198320443,-0.16251663700191352,0.11716991826829534
DEV,09:45,QUALITY_3,5,30,2205,441,-0.027244178871435536,-0.07945516458571637,0.4621315192743764,-0.027244178871435543,-0.09304655342855163,0.040906984999071846
DEV,09:45,QUALITY_3,5,60,2205,441,-0.027580217387128923,-0.11551155115511526,0.46077097505668935,-0.027580217387128906,-0.12474973191942933,0.06827690570927016
DEV,09:45,QUALITY_3,5,120,2205,441,-0.009880126832218786,-0.1495726495726422,0.46802721088435373,-0.009880126832218783,-0.1320279559448093,0.10748779069298049
DEV,09:45,FULL_4,1,30,441,441,-0.05488033582349997,-0.16552250190693651,0.4399092970521542,-0.05488033582349996,-0.17564593437395168,0.0686023061830536
DEV,09:45,FULL_4,1,60,441,441,-0.026463417209020734,-0.17186700767264157,0.4603174603174603,-0.02646341720902073,-0.19036353190849928,0.13485358084340146
DEV,09:45,FULL_4,1,120,441,441,0.03926729419662261,-0.09475465313028765,0.47619047619047616,0.039267294196622574,-0.16871560298346447,0.25857401826505794
DEV,09:45,FULL_4,3,30,1323,441,-0.03132645111746895,-0.08939974457215868,0.4595616024187453,-0.03132645111746895,-0.11062112633332925,0.04578422680321874
DEV,09:45,FULL_4,3,60,1323,441,-0.029334094414468163,-0.10905550146055851,0.4671201814058957,-0.029334094414468152,-0.14403641552370727,0.07875201162651584
DEV,09:45,FULL_4,3,120,1323,441,0.004069716116530674,-0.07517899761336791,0.47619047619047616,0.00406971611653068,-0.11994473828287275,0.13541348164947445
DEV,09:45,FULL_4,5,30,2205,441,-0.03835424614176543,-0.1017897091722383,0.45396825396825397,-0.03835424614176545,-0.10496908897854484,0.031188529936562525
DEV,09:45,FULL_4,5,60,2205,441,-0.03270556764434672,-0.11254019292604495,0.46303854875283446,-0.03270556764434671,-0.12280667838799375,0.06142418135816938
DEV,09:45,FULL_4,5,120,2205,441,0.01946381275260888,-0.08181818181817219,0.4775510204081633,0.019463812752608892,-0.09875710324444259,0.13184382821108914
DEV,10:00,MOMENTUM_ONLY,1,30,446,446,-0.09348935989367606,-0.1350877397113371,0.437219730941704,-0.09348935989367607,-0.18467833909995582,-0.003155579604491656
DEV,10:00,MOMENTUM_ONLY,1,60,446,446,-0.09347615946410809,-0.12764849351744667,0.4439461883408072,-0.09347615946410809,-0.22965382476084206,0.05478879689029451
DEV,10:00,MOMENTUM_ONLY,1,120,446,446,-0.1675363879204336,-0.219523440781841,0.4147982062780269,-0.1675363879204336,-0.33066307767844755,-0.0021449606222761638
DEV,10:00,MOMENTUM_ONLY,3,30,1342,448,-0.04097515893208483,-0.11752069643088245,0.4396423248882265,-0.04281225961571326,-0.1110800756420665,0.02320730494821158
DEV,10:00,MOMENTUM_ONLY,3,60,1342,448,0.02491050419695225,-0.06625454121242996,0.46572280178837555,0.023008237034198877,-0.06943479532374852,0.10904741097588089
DEV,10:00,MOMENTUM_ONLY,3,120,1342,448,-0.0037121945807634597,-0.16246907997620713,0.4485842026825633,-0.00652794591790127,-0.13079451615712906,0.10453580521182555
DEV,10:00,MOMENTUM_ONLY,5,30,2238,448,-0.024127191710484407,-0.0860015368852524,0.4548704200178731,-0.024791885187904296,-0.07720072829975458,0.02834261423139721
DEV,10:00,MOMENTUM_ONLY,5,60,2238,448,0.020931681655389688,-0.07879243638681835,0.46112600536193027,0.02049461027063565,-0.052049809440896266,0.10231644971512018
DEV,10:00,MOMENTUM_ONLY,5,120,2238,448,0.00835256714658479,-0.11732645819472126,0.4615728328865058,0.006599340140143101,-0.0924529266700089,0.12069957606224033
DEV,10:00,MOMENTUM_VOLUME,1,30,439,439,-0.009404330434009813,-0.11095751543636997,0.44874715261959,-0.00940433043400983,-0.12008483825984978,0.10457111767208406
DEV,10:00,MOMENTUM_VOLUME,1,60,439,439,0.039147014577271155,-0.07567567567566817,0.4624145785876993,0.03914701457727115,-0.1160098654012294,0.1901408089787865
DEV,10:00,MOMENTUM_VOLUME,1,120,439,439,-0.0036399308687250745,-0.14393420150788208,0.4533029612756264,-0.0036399308687250784,-0.1833770719246445,0.1919132255023139
DEV,10:00,MOMENTUM_VOLUME,3,30,1317,439,0.03817180946941558,-0.05236091631603242,0.4753227031131359,0.03817180946941558,-0.02721721204628444,0.10001270817701283
DEV,10:00,MOMENTUM_VOLUME,3,60,1317,439,0.07360226638215717,-0.020205089251819443,0.4874715261958998,0.07360226638215717,-0.021926654173800426,0.1796617380094225
DEV,10:00,MOMENTUM_VOLUME,3,120,1317,439,0.07260638546895097,-0.06558044806517854,0.4745634016704632,0.07260638546895097,-0.06094746368957746,0.20482631491151718
DEV,10:00,MOMENTUM_VOLUME,5,30,2195,439,0.017359240767444377,-0.059154929577466604,0.4683371298405467,0.017359240767444384,-0.03816082261396641,0.0757311499301077
DEV,10:00,MOMENTUM_VOLUME,5,60,2195,439,0.04460169802021423,-0.04666666666665434,0.47927107061503416,0.04460169802021423,-0.036446941350102464,0.1310610515997043
DEV,10:00,MOMENTUM_VOLUME,5,120,2195,439,0.05269395611957398,-0.07926397735316222,0.4788154897494305,0.05269395611957398,-0.05625065219559345,0.15924891180192094
DEV,10:00,QUALITY_3,1,30,439,439,-0.03478776826682049,-0.12432432432432165,0.44419134396355353,-0.0347877682668205,-0.14712932911914592,0.07523540547110891
DEV,10:00,QUALITY_3,1,60,439,439,-0.001989269326289293,-0.09776536312849145,0.4624145785876993,-0.0019892693262892527,-0.1692655277681199,0.14693307378830647
DEV,10:00,QUALITY_3,1,120,439,439,-0.024911034823090948,-0.11798624972278193,0.4624145785876993,-0.024911034823090965,-0.1978756431689624,0.1617684034429127
DEV,10:00,QUALITY_3,3,30,1317,439,0.023329994152702482,-0.06887298747763283,0.47228549734244496,0.023329994152702475,-0.05001657742715444,0.08801414608713144
DEV,10:00,QUALITY_3,3,60,1317,439,0.06072260060893743,-0.02961082910321501,0.486712224753227,0.06072260060893743,-0.0341950158944112,0.15966359952357898
DEV,10:00,QUALITY_3,3,120,1317,439,0.04854757067429068,-0.10040983606558063,0.4715261958997722,0.04854757067429067,-0.07207233408516665,0.18020036534405212
DEV,10:00,QUALITY_3,5,30,2195,439,0.023345869518810233,-0.060409924487608097,0.4733485193621868,0.02334586951881023,-0.03820296153286838,0.08548112927781107
DEV,10:00,QUALITY_3,5,60,2195,439,0.06503386174896747,-0.02232854864434326,0.4861047835990888,0.06503386174896747,-0.0198835633014248,0.1614453731178043
DEV,10:00,QUALITY_3,5,120,2195,439,0.09223383063283656,-0.07446808510638599,0.48018223234624147,0.09223383063283655,-0.0257484342753984,0.2186787540265996
DEV,10:00,FULL_4,1,30,439,439,0.006312048546428996,-0.10030516120471687,0.46697038724373574,0.006312048546429017,-0.10239790799749583,0.1167186455662812
DEV,10:00,FULL_4,1,60,439,439,0.024637873453152243,-0.04666666666665434,0.47380410022779046,0.024637873453152246,-0.11194045873871794,0.1708824187341545
DEV,10:00,FULL_4,1,120,439,439,0.07710743889250996,-0.1153450051493347,0.4646924829157175,0.07710743889250996,-0.09460970525598839,0.2549990785583705
DEV,10:00,FULL_4,3,30,1317,439,0.004951503966546234,-0.09271523178808877,0.4639331814730448,0.0049515039665462435,-0.06594734399809662,0.07319885264388602
DEV,10:00,FULL_4,3,60,1317,439,0.03792019962158181,-0.08422459893048984,0.46924829157175396,0.0379201996215818,-0.05834848569892795,0.1397867967291388
DEV,10:00,FULL_4,3,120,1317,439,0.05664247368691837,-0.14105793450880877,0.4616552771450266,0.05664247368691834,-0.06389125295711146,0.1858204444626197
DEV,10:00,FULL_4,5,30,2195,439,-0.0035022075357178427,-0.09271523178808877,0.4574031890660592,-0.0035022075357178327,-0.062653105278575,0.058932415239098764
DEV,10:00,FULL_4,5,60,2195,439,0.050795792133456405,-0.044444444444429285,0.4783599088838269,0.05079579213345642,-0.031545920143036206,0.14082216547902687
DEV,10:00,FULL_4,5,120,2195,439,0.054999014909245296,-0.08132780082989022,0.4760820045558087,0.054999014909245324,-0.05369524441253827,0.17146337289302385
DEV,10:30,MOMENTUM_ONLY,1,30,447,447,0.05925333326142709,-0.05303030303032378,0.46308724832214765,0.059253333261427094,-0.04850435417399301,0.16594195503368797
DEV,10:30,MOMENTUM_ONLY,1,60,447,447,0.11969363049105158,0.07641822080706669,0.5190156599552572,0.11969363049105158,-0.017290834333821357,0.26614863980900755
DEV,10:30,MOMENTUM_ONLY,1,120,447,447,-0.028488944438064205,-0.09876543209876035,0.4697986577181208,-0.028488944438064226,-0.20453691736619747,0.16492715143648665
DEV,10:30,MOMENTUM_ONLY,3,30,1344,449,0.06111634247825247,-0.005249896293532487,0.48214285714285715,0.06153643953970644,-0.015436869568717515,0.14144062316353662
DEV,10:30,MOMENTUM_ONLY,3,60,1344,449,0.07469931201486546,-0.010348239801777374,0.4836309523809524,0.07471906711423103,-0.03714359431292505,0.17614397767749307
DEV,10:30,MOMENTUM_ONLY,3,120,1344,449,0.034039209682364034,-0.06905962183007285,0.47693452380952384,0.033627062306877724,-0.10067175892292066,0.17067594138970318
DEV,10:30,MOMENTUM_ONLY,5,30,2242,449,0.05947913931891411,0.0,0.49018733273862625,0.05961478061106622,-0.005832411836630157,0.13202635069796992
DEV,10:30,MOMENTUM_ONLY,5,60,2242,449,0.10434494269430068,0.0,0.4928635147190009,0.10422241179537754,0.013745769195668268,0.19876436072110046
DEV,10:30,MOMENTUM_ONLY,5,120,2242,449,0.08987418769685825,-0.0573891008934459,0.4808206958073149,0.08856475133597376,-0.03566207236412569,0.21209296902352717
DEV,10:30,MOMENTUM_VOLUME,1,30,439,439,0.09509913586041586,0.06345095500160167,0.5148063781321185,0.09509913586041586,-0.013560909229372212,0.21654015564236315
DEV,10:30,MOMENTUM_VOLUME,1,60,439,439,0.079781472277757,0.11861689947331687,0.5284738041002278,0.079781472277757,-0.07438197976185787,0.22854501261193966
DEV,10:30,MOMENTUM_VOLUME,1,120,439,439,0.03298737787604584,-0.06535417089507331,0.4760820045558087,0.03298737787604585,-0.17318938314051135,0.24196903125839667
DEV,10:30,MOMENTUM_VOLUME,3,30,1317,439,0.06437797909103912,0.0,0.48899012908124523,0.06437797909103912,-0.015835675594236195,0.14639972656102898
DEV,10:30,MOMENTUM_VOLUME,3,60,1317,439,0.08939475487947307,0.01620370370368891,0.5003796507213364,0.08939475487947308,-0.01728810260255277,0.20484195591059576
DEV,10:30,MOMENTUM_VOLUME,3,120,1317,439,0.11778809407940458,-0.03932584269663813,0.4859529233105543,0.11778809407940456,-0.028716741235848137,0.2639770795859113
DEV,10:30,MOMENTUM_VOLUME,5,30,2195,439,0.06947394601458869,0.0,0.49066059225512526,0.0694739460145887,-0.00106102841185736,0.13642833807163646
DEV,10:30,MOMENTUM_VOLUME,5,60,2195,439,0.11601015089481248,0.0,0.49430523917995445,0.11601015089481248,0.02122360036001707,0.22198235913838482
DEV,10:30,MOMENTUM_VOLUME,5,120,2195,439,0.09791638447543076,-0.06034482758619763,0.4824601366742597,0.09791638447543075,-0.039235580906567556,0.2242241681794279
DEV,10:30,QUALITY_3,1,30,439,439,0.08628172601135893,0.011989723094497716,0.5011389521640092,0.0862817260113589,-0.039298306858405574,0.22006031237689339
DEV,10:30,QUALITY_3,1,60,439,439,0.11817763654753646,0.16878767582049117,0.5353075170842825,0.11817763654753649,-0.044762776375586344,0.2665835821377912
DEV,10:30,QUALITY_3,1,120,439,439,0.0020964652211986974,-0.1489361702127682,0.4624145785876993,0.0020964652211986935,-0.2027124014340288,0.2321494639089726
DEV,10:30,QUALITY_3,3,30,1317,439,0.07481849476606263,-0.02700964630224667,0.4806378132118451,0.07481849476606263,-0.00787525726492186,0.16171616858141827
DEV,10:30,QUALITY_3,3,60,1317,439,0.1328129355150057,0.022257551669321484,0.5026575550493546,0.1328129355150057,0.01912891642553341,0.25301169406608237
DEV,10:30,QUALITY_3,3,120,1317,439,0.13093986753875858,-0.058212058212071836,0.4806378132118451,0.13093986753875858,-0.01850938996171165,0.28243472059144237
DEV,10:30,QUALITY_3,5,30,2194,439,0.10024901372847728,0.0,0.49544211485870554,0.10002298745130246,0.026915249507518547,0.1767284076190726
DEV,10:30,QUALITY_3,5,60,2194,439,0.13871938687408847,0.0,0.495897903372835,0.13838963462600282,0.03278233963560466,0.24727198353360583
DEV,10:30,QUALITY_3,5,120,2194,439,0.12363105103737473,-0.06246768484270236,0.48359161349134,0.12346516319442262,-0.012539978988512434,0.25592748246479646
DEV,10:30,FULL_4,1,30,439,439,0.042852900202913144,-0.0188035954127651,0.4874715261958998,0.04285290020291312,-0.08179403510557501,0.1778394473101536
DEV,10:30,FULL_4,1,60,439,439,0.07991713073393658,-0.00650708807810874,0.489749430523918,0.07991713073393654,-0.07631009807822005,0.2406130310548083
DEV,10:30,FULL_4,1,120,439,439,0.14659071320006675,0.0027381185214259635,0.5011389521640092,0.14659071320006675,-0.05459835162259777,0.3605591691740609
DEV,10:30,FULL_4,3,30,1316,439,0.06566352692128169,-0.014494633105934195,0.48328267477203646,0.06624364785764317,-0.01974568750116921,0.15685247913288616
DEV,10:30,FULL_4,3,60,1316,439,0.11820146181293248,-0.023523975690218565,0.48632218844984804,0.11867195129780486,0.014606231007924176,0.2487826892062748
DEV,10:30,FULL_4,3,120,1316,439,0.1179719389725109,-0.11724165564770483,0.46656534954407297,0.11855093001706792,-0.030835716753055013,0.2694119047690132
DEV,10:30,FULL_4,5,30,2194,439,0.0664991044319494,0.0,0.48906107566089335,0.06647096243252058,-0.010614367421828369,0.14023095971533603
DEV,10:30,FULL_4,5,60,2194,439,0.11202634025413932,-0.01258186258186739,0.48997265268915224,0.11183732389743514,0.01700263257982423,0.20598688239947052
DEV,10:30,FULL_4,5,120,2194,439,0.11190664788209344,-0.09401141049840703,0.4740200546946217,0.11167794274486878,-0.01402351266600361,0.24589796740113634
DEV,11:00,MOMENTUM_ONLY,1,30,449,449,0.05271996211599829,-0.04930073448032994,0.46547884187082406,0.05271996211599828,-0.0721578114579114,0.18399388012086865
DEV,11:00,MOMENTUM_ONLY,1,60,449,449,-0.0839379048055705,-0.15819209039547186,0.4365256124721604,-0.0839379048055705,-0.2786690971411487,0.08660291709426908
DEV,11:00,MOMENTUM_ONLY,1,120,449,449,-0.18826294624951131,-0.2606635071090059,0.43207126948775054,-0.18826294624951134,-0.4040696123831008,0.04091601351344802
DEV,11:00,MOMENTUM_ONLY,3,30,1345,449,0.028052418661649724,-0.01755485893415326,0.47732342007434947,0.02819632638176177,-0.05617728407761171,0.11538881050571896
DEV,11:00,MOMENTUM_ONLY,3,60,1345,449,-0.029281143695060016,-0.11428571428577196,0.45724907063197023,-0.026138881983207258,-0.1504412814870517,0.08826791573098541
DEV,11:00,MOMENTUM_ONLY,3,120,1345,449,-0.045651473970999834,-0.09859154929577511,0.4684014869888476,-0.04107194247241922,-0.20889809855919417,0.12297400100917356
DEV,11:00,MOMENTUM_ONLY,5,30,2243,449,0.027004616383476513,-0.032863849765265754,0.47525635309852876,0.027134181246411718,-0.048891104018579795,0.10471581400902978
DEV,11:00,MOMENTUM_ONLY,5,60,2243,449,0.0065706875267250945,-0.0896286811779768,0.4703522068658047,0.0076642758087096365,-0.09473347399500344,0.11117154671608442
DEV,11:00,MOMENTUM_ONLY,5,120,2243,449,0.03804030811479713,-0.04057971014492112,0.4810521622826572,0.03977356420820159,-0.10648385761450094,0.18594001968033744
DEV,11:00,MOMENTUM_VOLUME,1,30,439,439,0.039551454948910256,-0.09306358381499848,0.4601366742596811,0.039551454948910277,-0.08693823156276997,0.17421074907884695
DEV,11:00,MOMENTUM_VOLUME,1,60,439,439,0.012159796504118053,-0.0595491280306254,0.46697038724373574,0.01215979650411805,-0.16331517683989585,0.20204364554652235
DEV,11:00,MOMENTUM_VOLUME,1,120,439,439,0.022349817278981696,-0.2695883134130159,0.4396355353075171,0.02234981727898172,-0.23312612266016655,0.3187139751879361
DEV,11:00,MOMENTUM_VOLUME,3,30,1317,439,0.06543015550728169,0.0,0.48291571753986334,0.06543015550728169,-0.026003449593343945,0.15588955816158528
DEV,11:00,MOMENTUM_VOLUME,3,60,1317,439,0.0528843510248534,-0.04767309875141117,0.4844343204252088,0.05288435102485339,-0.08335964354151841,0.20275592278985446
DEV,11:00,MOMENTUM_VOLUME,3,120,1317,439,0.032388724446018875,-0.1532447224394151,0.46697038724373574,0.032388724446018875,-0.14325908866609338,0.20757104030232498
DEV,11:00,MOMENTUM_VOLUME,5,30,2195,439,0.08397129051496101,0.0,0.48838268792710704,0.083971290514961,0.007801276589706113,0.15603907274952178
DEV,11:00,MOMENTUM_VOLUME,5,60,2195,439,0.10035138873720065,-0.019971469329556516,0.48838268792710704,0.10035138873720062,-0.0029424090831928367,0.21084458390931599
DEV,11:00,MOMENTUM_VOLUME,5,120,2195,439,0.08822283398320406,-0.06060606060607522,0.475626423690205,0.08822283398320406,-0.05338169063824772,0.24885565865716225
DEV,11:00,QUALITY_3,1,30,439,439,0.04123726549488324,-0.09655172413792554,0.45785876993166286,0.04123726549488324,-0.09638233681136742,0.18351653984969982
DEV,11:00,QUALITY_3,1,60,439,439,-0.02241215274252626,-0.0595491280306254,0.4715261958997722,-0.02241215274252625,-0.2093548274638143,0.17688419564110025
DEV,11:00,QUALITY_3,1,120,439,439,-0.09480101198167958,-0.34927234927236156,0.428246013667426,-0.09480101198167955,-0.3473245272695766,0.17105707201041787
DEV,11:00,QUALITY_3,3,30,1317,439,0.043473720388822135,-0.04354587869360874,0.4776006074411541,0.043473720388822155,-0.044532099567241586,0.13389292754294604
DEV,11:00,QUALITY_3,3,60,1317,439,0.05222289864041092,-0.06402439024389305,0.4806378132118451,0.05222289864041093,-0.0815217621328073,0.19694064496970015
DEV,11:00,QUALITY_3,3,120,1317,439,0.04191550882187666,-0.15709395207303678,0.4677296886864085,0.041915508821876626,-0.11993415310245026,0.21275668556489882
DEV,11:00,QUALITY_3,5,30,2195,439,0.045103094401170274,-0.058682634730523514,0.47289293849658315,0.04510309440117027,-0.0349463987178155,0.11825113761652496
DEV,11:00,QUALITY_3,5,60,2195,439,0.056188153571353205,-0.07349081364829378,0.47425968109339406,0.056188153571353226,-0.05560527751589725,0.1741053950133262
DEV,11:00,QUALITY_3,5,120,2195,439,0.038391486095193224,-0.1904761904761798,0.4624145785876993,0.03839148609519324,-0.10293706266952284,0.19276216955112674
DEV,11:00,FULL_4,1,30,439,439,0.03305938541695716,-0.04354587869360874,0.4646924829157175,0.03305938541695717,-0.11042644058054539,0.17468144497901406
DEV,11:00,FULL_4,1,60,439,439,0.135269050503053,0.0,0.49430523917995445,0.13526905050305302,-0.05549833331799552,0.34020302625187143
DEV,11:00,FULL_4,1,120,439,439,0.12201273826989205,-0.2028985507246347,0.46924829157175396,0.12201273826989206,-0.13793726206222617,0.40521127118369643
DEV,11:00,FULL_4,3,30,1316,439,0.0185062222724636,-0.0606728792055137,0.46808510638297873,0.018395686826168357,-0.06835624162757913,0.10528517880271362
DEV,11:00,FULL_4,3,60,1316,439,0.05087250000473258,-0.10398431995610498,0.46048632218844987,0.051049258718930374,-0.08161632321585202,0.18842135811296137
DEV,11:00,FULL_4,3,120,1316,439,0.06221469825608826,-0.22128949516148871,0.4566869300911854,0.06269124900757098,-0.10221145707298088,0.2474650112890162
DEV,11:00,FULL_4,5,30,2194,439,-0.001379361230821691,-0.06699077086194966,0.4635369188696445,-0.0012144282316178985,-0.07472373228048365,0.06692342901263049
DEV,11:00,FULL_4,5,60,2194,439,0.020037344122845413,-0.11818924175612139,0.4585232452142206,0.020219399165240504,-0.08027287530662663,0.1271797013185466
DEV,11:00,FULL_4,5,120,2194,439,0.01761447549120174,-0.20129272639728918,0.4562443026435734,0.018086093251717207,-0.1360710938765935,0.17517607182012437
DEV,12:00,MOMENTUM_ONLY,1,30,447,447,-0.03639464045174099,-0.08284023668638593,0.4697986577181208,-0.036394640451740984,-0.17432762157888917,0.1043309829768662
DEV,12:00,MOMENTUM_ONLY,1,60,447,447,-0.06690590256916766,-0.12684031710074922,0.4541387024608501,-0.0669059025691676,-0.2880267802611045,0.14361125737663846
DEV,12:00,MOMENTUM_ONLY,1,120,447,447,0.04310184405972264,-0.1209503239740759,0.4720357941834452,0.043101844059722665,-0.24766963947490891,0.29994241108679937
DEV,12:00,MOMENTUM_ONLY,3,30,1344,449,0.03805525049470092,-0.06315725747223726,0.4724702380952381,0.03864441883228497,-0.056622070547822576,0.13466156225249026
DEV,12:00,MOMENTUM_ONLY,3,60,1344,449,0.06373529705472415,-0.05026380904842964,0.4724702380952381,0.06424469768613095,-0.08254455393752941,0.21017925771251555
DEV,12:00,MOMENTUM_ONLY,3,120,1344,449,0.17803758758270175,-0.051177770513796114,0.4880952380952381,0.17763731933583973,9.043130201966803e-05,0.36943840717302734
DEV,12:00,MOMENTUM_ONLY,5,30,2241,449,0.01688571334082035,-0.07061790668349155,0.4676483712628291,0.016623229962048996,-0.06937640761984785,0.09787845269429145
DEV,12:00,MOMENTUM_ONLY,5,60,2241,449,0.02446133672443,-0.06511627906970821,0.47523427041499333,0.02523433992148921,-0.10070037234930444,0.1458949316375409
DEV,12:00,MOMENTUM_ONLY,5,120,2241,449,0.1463643080228572,-0.06511627906978225,0.48326639892904955,0.14812326565398745,-0.01739627727718093,0.30826283569732166
DEV,12:00,MOMENTUM_VOLUME,1,30,439,439,0.05803191378764651,-0.11666666666666667,0.44874715261959,0.05803191378764647,-0.13442264736842624,0.27482445733522637
DEV,12:00,MOMENTUM_VOLUME,1,60,439,439,0.020997699767224088,-0.1946697566627883,0.43507972665148065,0.020997699767224084,-0.20745601467668692,0.27960727662815915
DEV,12:00,MOMENTUM_VOLUME,1,120,439,439,0.07103523596248815,-0.22284644194754036,0.4624145785876993,0.07103523596248812,-0.2144039723407614,0.3858757837964075
DEV,12:00,MOMENTUM_VOLUME,3,30,1317,439,0.056121263595777716,-0.06422018348622556,0.46697038724373574,0.05612126359577769,-0.04767079768944161,0.1676542175053692
DEV,12:00,MOMENTUM_VOLUME,3,60,1317,439,0.0014678935387554444,-0.1818996415771516,0.44570994684889903,0.0014678935387554284,-0.15434490995656236,0.16317017186156363
DEV,12:00,MOMENTUM_VOLUME,3,120,1317,439,0.03474646222447221,-0.12323943661971891,0.4768413059984814,0.034746462224472176,-0.1480898579531055,0.24155213720796662
DEV,12:00,MOMENTUM_VOLUME,5,30,2195,439,0.026721712374476486,-0.0554298642533792,0.4706150341685649,0.02672171237447648,-0.05463450040510329,0.10900716237900973
DEV,12:00,MOMENTUM_VOLUME,5,60,2195,439,0.0037920100529425793,-0.14213197969537938,0.4592255125284738,0.0037920100529425854,-0.11574289658034773,0.13442974372460495
DEV,12:00,MOMENTUM_VOLUME,5,120,2195,439,0.05273610064201605,-0.08333333333332854,0.4815489749430524,0.05273610064201605,-0.12091901819902047,0.23125535232064653
DEV,12:00,QUALITY_3,1,30,439,439,0.0994028920263691,-0.11475409836064825,0.44874715261959,0.0994028920263691,-0.09735634142324485,0.31211785167979
DEV,12:00,QUALITY_3,1,60,439,439,0.16115049215909605,-0.1521739130434698,0.44419134396355353,0.16115049215909605,-0.09667397094439618,0.470755680193974
DEV,12:00,QUALITY_3,1,120,439,439,0.23736113416829516,-0.12314814814815378,0.4806378132118451,0.23736113416829518,-0.0650152488501863,0.5654490924886266
DEV,12:00,QUALITY_3,3,30,1317,439,0.0457752517937586,-0.06999999999998203,0.4646924829157175,0.04577525179375861,-0.057787828309937846,0.1516261444465875
DEV,12:00,QUALITY_3,3,60,1317,439,0.05760362050702868,-0.1521739130434698,0.4548215641609719,0.05760362050702867,-0.09178634848806833,0.2085703958007183
DEV,12:00,QUALITY_3,3,120,1317,439,0.0773172683736493,-0.1209503239740759,0.4745634016704632,0.07731726837364936,-0.09927313738006849,0.2672056557391334
DEV,12:00,QUALITY_3,5,30,2195,439,0.04607993549690855,-0.03689832154250916,0.4774487471526196,0.04607993549690855,-0.047639107000066565,0.13208305220221958
DEV,12:00,QUALITY_3,5,60,2195,439,0.057552084422895486,-0.0887831946096122,0.47425968109339406,0.057552084422895486,-0.06780223760994725,0.1905021813053752
DEV,12:00,QUALITY_3,5,120,2195,439,0.13283566772079444,-0.030172413793076093,0.49020501138952166,0.13283566772079444,-0.04484698607121387,0.3147570432226407
DEV,12:00,FULL_4,1,30,439,439,0.03090032621920832,-0.09655172413792554,0.43735763097949887,0.03090032621920832,-0.11158473996392794,0.1878872246827706
DEV,12:00,FULL_4,1,60,439,439,0.15615993911850298,-0.11965811965814581,0.4510250569476082,0.15615993911850298,-0.07168839789371677,0.3976569537221066
DEV,12:00,FULL_4,1,120,439,439,0.1525579751524655,-0.15796460176992277,0.48291571753986334,0.15255797515246555,-0.11989371635114317,0.438270195847122
DEV,12:00,FULL_4,3,30,1316,439,0.026997203113039905,-0.06406603365364794,0.46580547112462006,0.02688850762549826,-0.0721703766500999,0.12169000031011352
DEV,12:00,FULL_4,3,60,1316,439,0.06386446987337582,-0.11525720564611677,0.4627659574468085,0.06798056070685157,-0.060488812189576704,0.21524054800366157
DEV,12:00,FULL_4,3,120,1316,439,0.1092554543854246,-0.060740099382631065,0.48632218844984804,0.11186837167906469,-0.06824770405772071,0.3091118875360889
DEV,12:00,FULL_4,5,30,2194,439,0.026644380800111143,-0.05191816304386246,0.47265268915223335,0.026312804528415997,-0.06395812371892441,0.11784541097723968
DEV,12:00,FULL_4,5,60,2194,439,0.04690185793060013,-0.08240048494646479,0.47584320875113945,0.048085554898708104,-0.0687157283620229,0.17868334890596166
DEV,12:00,FULL_4,5,120,2194,439,0.11803278880602278,0.0,0.49407474931631723,0.11814214586460751,-0.05988765733071039,0.3009403945001279
VALIDATION,09:45,MOMENTUM_ONLY,1,30,125,125,-0.11879194101535245,-0.12877792378450223,0.416,-0.11879194101535248,-0.32977913702573514,0.09016716504805301
VALIDATION,09:45,MOMENTUM_ONLY,1,60,125,125,-0.1935416286506861,-0.229166666666666,0.368,-0.19354162865068614,-0.4709527122295943,0.08503667895544403
VALIDATION,09:45,MOMENTUM_ONLY,1,120,125,125,-0.06988036768862374,-0.31612903225803257,0.456,-0.06988036768862374,-0.3868881993960045,0.3063155665204487
VALIDATION,09:45,MOMENTUM_ONLY,3,30,375,125,-0.0759495074936506,-0.08588957055216621,0.45066666666666666,-0.0759495074936506,-0.21852133304067564,0.06378740597311659
VALIDATION,09:45,MOMENTUM_ONLY,3,60,375,125,-0.09913702645635812,-0.18421052631583149,0.43733333333333335,-0.09913702645635808,-0.2893330863208931,0.06861151674927424
VALIDATION,09:45,MOMENTUM_ONLY,3,120,375,125,0.024638624606848944,-0.14432989690721074,0.4666666666666667,0.024638624606848986,-0.2342326498280873,0.26529174727639193
VALIDATION,09:45,MOMENTUM_ONLY,5,30,625,125,-0.09708618887684235,-0.08647313156269297,0.456,-0.09708618887684234,-0.22710860518196324,0.02550340913166522
VALIDATION,09:45,MOMENTUM_ONLY,5,60,625,125,-0.14291887699289677,-0.2204724409448819,0.4352,-0.14291887699289677,-0.3147656540140496,0.01467300210623713
VALIDATION,09:45,MOMENTUM_ONLY,5,120,625,125,-0.10231417831664989,-0.20681818181817352,0.4448,-0.10231417831664992,-0.30023984568873674,0.10444776897721376
VALIDATION,09:45,MOMENTUM_VOLUME,1,30,125,125,-0.03901594947996551,-0.04686192468617658,0.448,-0.03901594947996547,-0.2440135306911207,0.16628724502592876
VALIDATION,09:45,MOMENTUM_VOLUME,1,60,125,125,-0.0662378914505811,-0.16822429906543837,0.456,-0.0662378914505811,-0.3423563938162339,0.23470670431670218
VALIDATION,09:45,MOMENTUM_VOLUME,1,120,125,125,0.05527787490551323,-0.14432989690721074,0.464,0.05527787490551322,-0.305456727369094,0.43814268690451946
VALIDATION,09:45,MOMENTUM_VOLUME,3,30,375,125,-0.09830412635082238,-0.10769230769233265,0.44533333333333336,-0.09830412635082239,-0.2620517782258833,0.04582891336234182
VALIDATION,09:45,MOMENTUM_VOLUME,3,60,375,125,-0.11210658463442606,-0.23575129533680084,0.44266666666666665,-0.11210658463442605,-0.3164676592937621,0.07707095084418936
VALIDATION,09:45,MOMENTUM_VOLUME,3,120,375,125,-0.10877733386672554,-0.3918088737201365,0.42933333333333334,-0.10877733386672556,-0.3887716270344354,0.13841271128977323
VALIDATION,09:45,MOMENTUM_VOLUME,5,30,625,125,-0.03958181867436542,-0.08786610878661087,0.4576,-0.03958181867436541,-0.19455308923880624,0.11891160043534399
VALIDATION,09:45,MOMENTUM_VOLUME,5,60,625,125,-0.014712538334815329,-0.1534246575342383,0.4656,-0.01471253833481533,-0.22032896893889953,0.1789387226831799
VALIDATION,09:45,MOMENTUM_VOLUME,5,120,625,125,0.01328876448756386,-0.15000000000000538,0.4544,0.013288764487563845,-0.22844893419224074,0.2765330600727341
VALIDATION,09:45,QUALITY_3,1,30,125,125,-0.028619833161272448,-0.05353728489484969,0.448,-0.028619833161272472,-0.2743278278699176,0.18770989259147228
VALIDATION,09:45,QUALITY_3,1,60,125,125,-0.07488378049209413,-0.2258064516129024,0.432,-0.07488378049209413,-0.4016561659500202,0.255402046158789
VALIDATION,09:45,QUALITY_3,1,120,125,125,-0.0828037387841712,-0.39832635983262077,0.424,-0.08280373878417116,-0.47675092382047407,0.3485754903382585
VALIDATION,09:45,QUALITY_3,3,30,375,125,-0.04413378782008825,-0.07756232686984547,0.4613333333333333,-0.04413378782008824,-0.20738757451011386,0.11690582062073401
VALIDATION,09:45,QUALITY_3,3,60,375,125,-0.11953688616579092,-0.2574712643678109,0.43733333333333335,-0.11953688616579093,-0.34080020426877267,0.08550125579076856
VALIDATION,09:45,QUALITY_3,3,120,375,125,-0.11643094094517653,-0.39918533604890655,0.4266666666666667,-0.11643094094517654,-0.3970040587790408,0.13759457854203955
VALIDATION,09:45,QUALITY_3,5,30,625,125,-0.013419165545955434,-0.08588957055216621,0.4608,-0.01341916554595543,-0.15812628286112138,0.12500488275034688
VALIDATION,09:45,QUALITY_3,5,60,625,125,-0.06859999209414028,-0.21692491060785926,0.4432,-0.06859999209414026,-0.26813547894810663,0.12124200342895027
VALIDATION,09:45,QUALITY_3,5,120,625,125,-0.06432963708999329,-0.3043478260869264,0.4448,-0.06432963708999326,-0.30554622791232705,0.18415860728145267
VALIDATION,09:45,FULL_4,1,30,125,125,0.07606592955030389,0.032565024318034944,0.504,0.07606592955030389,-0.17314969982352055,0.32974214801344437
VALIDATION,09:45,FULL_4,1,60,125,125,0.01897639868879831,-0.08600682593856655,0.472,0.018976398688798277,-0.2863578052879509,0.3626700448096985
VALIDATION,09:45,FULL_4,1,120,125,125,-0.0635446429554481,-0.2692307692307478,0.464,-0.06354464295544805,-0.3970303494777364,0.2985742575028546
VALIDATION,09:45,FULL_4,3,30,375,125,0.00976942430599847,-0.05353728489484969,0.4666666666666667,0.009769424305998493,-0.13639706473062504,0.15826493179458442
VALIDATION,09:45,FULL_4,3,60,375,125,-0.04279875778226149,-0.21414913957936835,0.45866666666666667,-0.0427987577822615,-0.27239927369908895,0.1602913710994555
VALIDATION,09:45,FULL_4,3,120,375,125,-0.07157262026779557,-0.3918088737201365,0.42133333333333334,-0.07157262026779561,-0.34419137169930103,0.1889965477599723
VALIDATION,09:45,FULL_4,5,30,625,125,0.017345512026135435,-0.045088566827707253,0.4784,0.017345512026135452,-0.10799642996337921,0.15340578113114492
VALIDATION,09:45,FULL_4,5,60,625,125,-0.023984258117791507,-0.20095693779908788,0.448,-0.02398425811779152,-0.2204034773820034,0.1694779485050743
VALIDATION,09:45,FULL_4,5,120,625,125,-0.02357006505416252,-0.31019202363367776,0.432,-0.023570065054162533,-0.2673640251158074,0.2456752597413389
VALIDATION,10:00,MOMENTUM_ONLY,1,30,124,124,-0.14032385093767574,-0.1029464090826189,0.4435483870967742,-0.14032385093767577,-0.30583711312036027,0.026990790195196988
VALIDATION,10:00,MOMENTUM_ONLY,1,60,124,124,-0.2556534395089686,-0.26705426356590223,0.4032258064516129,-0.2556534395089686,-0.46456798816945827,-0.04079651212649786
VALIDATION,10:00,MOMENTUM_ONLY,1,120,124,124,-0.12302363931323236,-0.08079520396913008,0.45161290322580644,-0.12302363931323239,-0.4105897781201976,0.15018449189422162
VALIDATION,10:00,MOMENTUM_ONLY,3,30,374,125,0.01529776974451256,-0.041437891326244924,0.4786096256684492,0.016127926580052826,-0.10779913500886802,0.14055719308312417
VALIDATION,10:00,MOMENTUM_ONLY,3,60,374,125,-0.026502277604498047,-0.2045800304267698,0.4385026737967914,-0.026398167037678066,-0.19364205555927705,0.11899226652110353
VALIDATION,10:00,MOMENTUM_ONLY,3,120,374,125,0.07137262976587183,-0.07798599040559046,0.4572192513368984,0.06888005614919211,-0.1600158262956783,0.27532032261286615
VALIDATION,10:00,MOMENTUM_ONLY,5,30,624,125,0.04490694216501089,0.0,0.4855769230769231,0.04497793503761355,-0.07319633457433992,0.16518013402753268
VALIDATION,10:00,MOMENTUM_ONLY,5,60,624,125,0.05075775126297849,-0.10549947069296031,0.46955128205128205,0.04952635216040669,-0.10909208719831624,0.19302721624040656
VALIDATION,10:00,MOMENTUM_ONLY,5,120,624,125,0.11961552296875058,-0.0726988542237938,0.47115384615384615,0.11775000822469832,-0.07853921567089384,0.32068821518097135
VALIDATION,10:00,MOMENTUM_VOLUME,1,30,125,125,0.07991799420818316,0.015435501653803717,0.504,0.0799179942081831,-0.09821754049881683,0.24754024050763385
VALIDATION,10:00,MOMENTUM_VOLUME,1,60,125,125,0.05366862419725945,-0.09423643247790786,0.472,0.05366862419725945,-0.18516369369811347,0.30917080678132003
VALIDATION,10:00,MOMENTUM_VOLUME,1,120,125,125,0.09486173728407135,-0.1276595744680851,0.432,0.09486173728407135,-0.21376090494877445,0.4316639828464792
VALIDATION,10:00,MOMENTUM_VOLUME,3,30,375,125,0.09302211496995581,0.015435501653803717,0.5066666666666667,0.09302211496995581,-0.044551930719789495,0.2292942025446326
VALIDATION,10:00,MOMENTUM_VOLUME,3,60,375,125,0.05558823791649149,-0.12704174228675,0.4693333333333333,0.055588237916491534,-0.10867446235499763,0.22968264345983913
VALIDATION,10:00,MOMENTUM_VOLUME,3,120,375,125,0.1302721170559472,-0.08459214501512521,0.4746666666666667,0.1302721170559472,-0.11599956563809495,0.337789982545137
VALIDATION,10:00,MOMENTUM_VOLUME,5,30,625,125,0.10273214932657407,0.0,0.4992,0.10273214932657408,-0.02184673730022214,0.22177916109834336
VALIDATION,10:00,MOMENTUM_VOLUME,5,60,625,125,0.06068471334408976,-0.10399257195916901,0.4688,0.060684713344089765,-0.09331611208631634,0.2091932483553105
VALIDATION,10:00,MOMENTUM_VOLUME,5,120,625,125,0.11664412969752033,-0.07619990103908329,0.4752,0.11664412969752033,-0.08905610331889639,0.33936789276253176
VALIDATION,10:00,QUALITY_3,1,30,125,125,0.03104536844159247,0.0,0.496,0.031045368441592457,-0.17180244852544663,0.23499163035287762
VALIDATION,10:00,QUALITY_3,1,60,125,125,0.045093777384582166,-0.13445378151260984,0.456,0.04509377738458214,-0.24502257513775139,0.33644033278842145
VALIDATION,10:00,QUALITY_3,1,120,125,125,0.17475653256223558,0.016470588235297887,0.512,0.17475653256223567,-0.18374574445615624,0.5671463718659473
VALIDATION,10:00,QUALITY_3,3,30,375,125,0.10952488229876153,0.015435501653803717,0.5066666666666667,0.10952488229876152,-0.020894981470907025,0.25207083931117824
VALIDATION,10:00,QUALITY_3,3,60,375,125,0.04317778354801381,-0.05329949238573759,0.4746666666666667,0.04317778354801382,-0.13010912107707298,0.23387393152733715
VALIDATION,10:00,QUALITY_3,3,120,375,125,0.17276392380886696,0.0,0.49866666666666665,0.172763923808867,-0.09286885924691637,0.40524874956905615
VALIDATION,10:00,QUALITY_3,5,30,625,125,0.08363377265970413,0.008073817762391751,0.5008,0.08363377265970413,-0.05515066847320237,0.21730720171866336
VALIDATION,10:00,QUALITY_3,5,60,625,125,0.04672665632497479,-0.1070063694267516,0.4672,0.046726656324974775,-0.11558548829662937,0.1993160521022471
VALIDATION,10:00,QUALITY_3,5,120,625,125,0.08120778398611168,-0.11618257261406814,0.4576,0.08120778398611168,-0.12959910664668212,0.30625024299014486
VALIDATION,10:00,FULL_4,1,30,125,125,-0.021341770646586124,-0.07115628970775095,0.464,-0.021341770646586104,-0.2267430253967767,0.17302021492622924
VALIDATION,10:00,FULL_4,1,60,125,125,-0.01929604856348844,-0.15409517643250673,0.448,-0.019296048563488474,-0.3309740601329484,0.2792884016877139
VALIDATION,10:00,FULL_4,1,120,125,125,-0.02345778793585124,-0.16791604197901694,0.432,-0.02345778793585125,-0.3908581544619625,0.3541765060966629
VALIDATION,10:00,FULL_4,3,30,375,125,0.08055894952014754,0.05794102431451731,0.5226666666666666,0.08055894952014754,-0.055335181440143724,0.21710149827792244
VALIDATION,10:00,FULL_4,3,60,375,125,0.03622555293825681,-0.10399257195916901,0.4693333333333333,0.03622555293825681,-0.15746183985441076,0.22230836292640332
VALIDATION,10:00,FULL_4,3,120,375,125,0.08300213502393196,-0.11864406779662211,0.4666666666666667,0.08300213502393197,-0.1808208176092073,0.30615464936937864
VALIDATION,10:00,FULL_4,5,30,625,125,0.06948745765666006,0.038620689655181194,0.5136,0.06948745765666006,-0.048929571080613514,0.19326373886108247
VALIDATION,10:00,FULL_4,5,60,625,125,0.008534417259118101,-0.12704174228675,0.464,0.008534417259118098,-0.14991373609394218,0.17378053295251888
VALIDATION,10:00,FULL_4,5,120,625,125,0.03635923024818603,-0.10554658050619871,0.4672,0.036359230248186006,-0.17026598233325363,0.27682195688755223
VALIDATION,10:30,MOMENTUM_ONLY,1,30,124,124,0.060258697739347805,0.09979605572395353,0.5483870967741935,0.06025869773934779,-0.15737088246231618,0.27421741140526645
VALIDATION,10:30,MOMENTUM_ONLY,1,60,124,124,0.191819382003927,0.008187134502925849,0.5,0.19181938200392698,-0.08653127815555385,0.499729956613046
VALIDATION,10:30,MOMENTUM_ONLY,1,120,124,124,0.17305200810132743,-0.14095005732874608,0.4596774193548387,0.17305200810132731,-0.1881875034531783,0.5338195811937371
VALIDATION,10:30,MOMENTUM_ONLY,3,30,374,125,0.0037710961864086037,0.0,0.4946524064171123,0.003017086552759287,-0.1298777781486379,0.13641626487570688
VALIDATION,10:30,MOMENTUM_ONLY,3,60,374,125,0.06551130945113535,-0.013738959764462528,0.4786096256684492,0.06258909908110405,-0.12364990061132435,0.253643427103086
VALIDATION,10:30,MOMENTUM_ONLY,3,120,374,125,0.19821100965075975,-0.08437258128174374,0.48128342245989303,0.1953422413034563,-0.0520523155847156,0.44195071245709916
VALIDATION,10:30,MOMENTUM_ONLY,5,30,624,125,-0.011856836878439098,-0.010233918128645617,0.49038461538461536,-0.01298617686412884,-0.12560798984763286,0.10531174915592408
VALIDATION,10:30,MOMENTUM_ONLY,5,60,624,125,0.010312204079472696,-0.04575603011787827,0.47435897435897434,0.00873241314616138,-0.1514264578871979,0.1605951688769989
VALIDATION,10:30,MOMENTUM_ONLY,5,120,624,125,0.1324778566026466,-0.18790574387310097,0.46314102564102566,0.13090119953083154,-0.09322517690822697,0.36586313272215415
VALIDATION,10:30,MOMENTUM_VOLUME,1,30,125,125,-0.10781315648255194,-0.11797752808989836,0.464,-0.10781315648255195,-0.3077233255014842,0.10932905182158859
VALIDATION,10:30,MOMENTUM_VOLUME,1,60,125,125,-0.10089532383443077,-0.267303102625284,0.4,-0.1008953238344308,-0.4319373677117234,0.2463837992464626
VALIDATION,10:30,MOMENTUM_VOLUME,1,120,125,125,0.10828146228469025,-0.25811209439527777,0.44,0.1082814622846902,-0.32083944092614214,0.5283273528667096
VALIDATION,10:30,MOMENTUM_VOLUME,3,30,375,125,-0.028653869099148962,-0.09681881051175725,0.4746666666666667,-0.028653869099149007,-0.16256077717422393,0.12195098762871269
VALIDATION,10:30,MOMENTUM_VOLUME,3,60,375,125,-0.06142801912737171,-0.18043972706593903,0.45066666666666666,-0.06142801912737168,-0.253494198132332,0.11709568060535526
VALIDATION,10:30,MOMENTUM_VOLUME,3,120,375,125,0.054012265701744555,-0.23796033994334218,0.44533333333333336,0.0540122657017446,-0.22418395793644671,0.31832770099616087
VALIDATION,10:30,MOMENTUM_VOLUME,5,30,625,125,-0.006381410157953911,-0.08045977011494232,0.4752,-0.006381410157953895,-0.13089069709990922,0.11052312444642576
VALIDATION,10:30,MOMENTUM_VOLUME,5,60,625,125,-0.02743203029128332,-0.12486064659976973,0.4592,-0.027432030291283337,-0.19674023124664075,0.15098933473452994
VALIDATION,10:30,MOMENTUM_VOLUME,5,120,625,125,0.06356366710330838,-0.21333333333333335,0.456,0.0635636671033084,-0.16416618500670513,0.31760255041828545
VALIDATION,10:30,QUALITY_3,1,30,125,125,-0.1496246987142699,-0.32748538011695905,0.432,-0.1496246987142699,-0.35923957165128956,0.06932414999452256
VALIDATION,10:30,QUALITY_3,1,60,125,125,-0.05120736265786255,-0.267303102625284,0.424,-0.051207362657862576,-0.37657111083698613,0.30340446687473793
VALIDATION,10:30,QUALITY_3,1,120,125,125,0.136163506011153,-0.14362850971922878,0.464,0.13616350601115298,-0.2701722229516849,0.5526100639973294
VALIDATION,10:30,QUALITY_3,3,30,375,125,0.015230466221748166,-0.07720588235292983,0.47733333333333333,0.015230466221748153,-0.13512569231688085,0.1703866081441889
VALIDATION,10:30,QUALITY_3,3,60,375,125,0.014464715306565339,-0.12034383954152872,0.456,0.014464715306565335,-0.17882393587064488,0.21371069145227833
VALIDATION,10:30,QUALITY_3,3,120,375,125,0.20598813257011583,-0.1555555555555472,0.4693333333333333,0.2059881325701158,-0.057915412602886435,0.48272192141246517
VALIDATION,10:30,QUALITY_3,5,30,625,125,0.03556341509940085,0.018205461638474914,0.5008,0.03556341509940084,-0.10147853008072487,0.17168326185718888
VALIDATION,10:30,QUALITY_3,5,60,625,125,-0.022824965640305374,-0.048526863084933196,0.4736,-0.0228249656403054,-0.1924578905448374,0.14961551118511138
VALIDATION,10:30,QUALITY_3,5,120,625,125,0.10595460497346919,-0.13592233009711963,0.48,0.10595460497346919,-0.1136607769023069,0.3423819666362272
VALIDATION,10:30,FULL_4,1,30,125,125,-0.16667214671832858,-0.22266401590457255,0.408,-0.16667214671832856,-0.3857731925790517,0.05403002305785533
VALIDATION,10:30,FULL_4,1,60,125,125,-0.13940070691042777,-0.22626262626263483,0.408,-0.13940070691042772,-0.41305104325848574,0.171362207610488
VALIDATION,10:30,FULL_4,1,120,125,125,-0.0581668081710498,-0.37764932562620074,0.408,-0.05816680817104981,-0.44354847073937126,0.30099443415725885
VALIDATION,10:30,FULL_4,3,30,375,125,-0.02551055376346838,-0.07720588235292983,0.4826666666666667,-0.02551055376346839,-0.1960608287231294,0.15365453316118566
VALIDATION,10:30,FULL_4,3,60,375,125,0.05722174876810693,-0.1489361702127583,0.4613333333333333,0.057221748768106984,-0.1673672035768899,0.2931190938399289
VALIDATION,10:30,FULL_4,3,120,375,125,0.11731795124996364,-0.25811209439527777,0.44266666666666665,0.1173179512499636,-0.17764566882066934,0.4292473336371006
VALIDATION,10:30,FULL_4,5,30,625,125,-0.00250792975940121,-0.05461638491547633,0.4864,-0.002507929759401225,-0.13746607106803813,0.13081472680906528
VALIDATION,10:30,FULL_4,5,60,625,125,0.03242116793314162,-0.12034383954152872,0.4592,0.03242116793314161,-0.13887404252952013,0.20634871094182425
VALIDATION,10:30,FULL_4,5,120,625,125,0.04754421277622272,-0.23113207547171263,0.4432,0.04754421277622276,-0.1795282271663618,0.29805687234421135
VALIDATION,11:00,MOMENTUM_ONLY,1,30,125,125,0.2947230865187843,0.1856060606060606,0.544,0.29472308651878437,0.04788406490432631,0.5485826237465404
VALIDATION,11:00,MOMENTUM_ONLY,1,60,125,125,0.3404243538271351,0.25766871165643507,0.56,0.34042435382713515,0.025297226742143044,0.6729709481767943
VALIDATION,11:00,MOMENTUM_ONLY,1,120,125,125,0.33418735474876166,0.0,0.488,0.3341873547487617,-0.06528570988522789,0.7676766807021878
VALIDATION,11:00,MOMENTUM_ONLY,3,30,375,125,0.03508555913143542,-0.036697247706388526,0.48533333333333334,0.03508555913143544,-0.1462982664731081,0.19691720466942741
VALIDATION,11:00,MOMENTUM_ONLY,3,60,375,125,0.07322672280032194,0.07692307692300773,0.5226666666666666,0.07322672280032197,-0.15359480859721206,0.2989507266682363
VALIDATION,11:00,MOMENTUM_ONLY,3,120,375,125,0.1741097420848166,0.040697674418598465,0.5013333333333333,0.1741097420848166,-0.1491713725415586,0.4996148801592777
VALIDATION,11:00,MOMENTUM_ONLY,5,30,625,125,0.04682232512672213,-0.061810154525365604,0.4736,0.04682232512672215,-0.08948143019397839,0.18542644310773698
VALIDATION,11:00,MOMENTUM_ONLY,5,60,625,125,0.04663307150229562,0.0,0.4992,0.04663307150229563,-0.13968274132188285,0.2277823820568137
VALIDATION,11:00,MOMENTUM_ONLY,5,120,625,125,0.20214484346377504,0.0603448275862205,0.5104,0.20214484346377504,-0.052329969504093965,0.4447487303347899
VALIDATION,11:00,MOMENTUM_VOLUME,1,30,125,125,0.1556402322110982,-0.09707241910632691,0.472,0.1556402322110982,-0.11136059503496333,0.43890519049282384
VALIDATION,11:00,MOMENTUM_VOLUME,1,60,125,125,0.12130347991434873,0.08942512420156494,0.512,0.12130347991434878,-0.2812511494424729,0.5137810692088461
VALIDATION,11:00,MOMENTUM_VOLUME,1,120,125,125,0.31188062359562013,0.10670731707317088,0.504,0.31188062359562024,-0.1810413914496969,0.841554573815461
VALIDATION,11:00,MOMENTUM_VOLUME,3,30,375,125,0.0533105595183499,-0.048338368580071456,0.48533333333333334,0.05331055951834987,-0.10471799459478873,0.2214163275661112
VALIDATION,11:00,MOMENTUM_VOLUME,3,60,375,125,0.09103452635956781,0.0,0.496,0.09103452635956784,-0.15982833214774642,0.3407828549379094
VALIDATION,11:00,MOMENTUM_VOLUME,3,120,375,125,0.32428777529291175,0.12362030905077263,0.512,0.32428777529291175,-0.04575206971675632,0.6756133953041588
VALIDATION,11:00,MOMENTUM_VOLUME,5,30,625,125,-0.0024663055323063446,-0.10408921933087746,0.4672,-0.0024663055323063637,-0.15298795389665618,0.15015841029773222
VALIDATION,11:00,MOMENTUM_VOLUME,5,60,625,125,0.006552851476523426,-0.0707070707070707,0.4752,0.0065528514765234355,-0.22120096446825266,0.2156950837647298
VALIDATION,11:00,MOMENTUM_VOLUME,5,120,625,125,0.20369512302425904,0.0,0.4896,0.20369512302425904,-0.11684743816150914,0.48656773699038663
VALIDATION,11:00,QUALITY_3,1,30,125,125,0.08921350502773863,-0.15384615384615385,0.464,0.08921350502773862,-0.21853045077006594,0.3737531509113367
VALIDATION,11:00,QUALITY_3,1,60,125,125,0.000761624402569864,0.08942512420156494,0.512,0.0007616244025698844,-0.40702840747243996,0.40972253868641556
VALIDATION,11:00,QUALITY_3,1,120,125,125,0.21766065660810494,0.13526570048312297,0.512,0.21766065660810494,-0.27343192057727844,0.7442955257296908
VALIDATION,11:00,QUALITY_3,3,30,375,125,0.0787384809370605,0.0,0.4826666666666667,0.0787384809370605,-0.09185873182564457,0.2500002171090239
VALIDATION,11:00,QUALITY_3,3,60,375,125,-0.03577355506103449,-0.0851581508515815,0.4746666666666667,-0.03577355506103452,-0.2716420862068476,0.205940124161308
VALIDATION,11:00,QUALITY_3,3,120,375,125,0.12063447459676138,-0.011290322580634914,0.49066666666666664,0.12063447459676134,-0.19482766106062968,0.45416692126822256
VALIDATION,11:00,QUALITY_3,5,30,625,125,0.03739270565576062,-0.10408921933087746,0.4592,0.03739270565576062,-0.10216066814301994,0.1670926180287941
VALIDATION,11:00,QUALITY_3,5,60,625,125,-0.018449910291656435,-0.1318267419962335,0.4576,-0.018449910291656414,-0.22872173796820072,0.17677650875230957
VALIDATION,11:00,QUALITY_3,5,120,625,125,0.15159277665007323,-0.011290322580634914,0.4928,0.15159277665007329,-0.15930972965397416,0.45378439668326365
VALIDATION,11:00,FULL_4,1,30,125,125,0.31870768183024245,0.2835443037974917,0.544,0.3187076818302425,0.01565967267632157,0.633089421141673
VALIDATION,11:00,FULL_4,1,60,125,125,0.3171899549419918,0.20588235294114432,0.536,0.3171899549419917,-0.08411778358862257,0.7278508136256527
VALIDATION,11:00,FULL_4,1,120,125,125,0.6452655261629708,0.31758034026462434,0.52,0.6452655261629708,0.09127205440172079,1.1898856241591194
VALIDATION,11:00,FULL_4,3,30,375,125,0.13485813694388885,-0.036697247706388526,0.48,0.13485813694388885,-0.058146294735701765,0.3256757044272781
VALIDATION,11:00,FULL_4,3,60,375,125,0.1096071973662252,-0.1,0.4826666666666667,0.10960719736622523,-0.1499931221091672,0.3687681452962245
VALIDATION,11:00,FULL_4,3,120,375,125,0.289112500137284,-0.011290322580634914,0.488,0.289112500137284,-0.05265294292865155,0.6397047955836848
VALIDATION,11:00,FULL_4,5,30,625,125,0.05381030058515852,-0.08459214501512521,0.4624,0.053810300585158524,-0.10017695789821575,0.202616466052278
VALIDATION,11:00,FULL_4,5,60,625,125,0.018854070104228054,-0.12928759894464112,0.4592,0.018854070104228043,-0.18123140507979704,0.21041576438583579
VALIDATION,11:00,FULL_4,5,120,625,125,0.19600850975288958,-0.0763636363636248,0.4688,0.19600850975288964,-0.09329366888108268,0.4845107640684497
VALIDATION,12:00,MOMENTUM_ONLY,1,30,125,125,-0.08750053627996564,0.0,0.472,-0.08750053627996565,-0.35676108820196883,0.15111125668846787
VALIDATION,12:00,MOMENTUM_ONLY,1,60,125,125,0.048265349598666525,-0.075,0.472,0.04826534959866656,-0.33296498212831704,0.4108855193551618
VALIDATION,12:00,MOMENTUM_ONLY,1,120,125,125,-0.24729420180505202,-0.2,0.472,-0.24729420180505204,-0.8368007871836639,0.27535221716827213
VALIDATION,12:00,MOMENTUM_ONLY,3,30,375,125,0.03542924748428816,0.0,0.4826666666666667,0.03542924748428814,-0.13671408206819124,0.20397876578714083
VALIDATION,12:00,MOMENTUM_ONLY,3,60,375,125,0.13152746508775842,0.044444444444444446,0.5093333333333333,0.13152746508775842,-0.11067027599708298,0.36276694845946866
VALIDATION,12:00,MOMENTUM_ONLY,3,120,375,125,-0.14886609614684798,-0.15512465373961778,0.456,-0.14886609614684795,-0.5142391050261953,0.19997384718004724
VALIDATION,12:00,MOMENTUM_ONLY,5,30,625,125,0.0033023372673802783,0.0,0.4832,0.003302337267380281,-0.13166320209540122,0.13246532106222234
VALIDATION,12:00,MOMENTUM_ONLY,5,60,625,125,0.09668756037890432,0.0,0.4848,0.09668756037890429,-0.105514912951862,0.2906983336211934
VALIDATION,12:00,MOMENTUM_ONLY,5,120,625,125,-0.141752460208645,-0.2,0.4416,-0.14175246020864501,-0.40244505247331336,0.1453412574298191
VALIDATION,12:00,MOMENTUM_VOLUME,1,30,125,125,-0.022343795316544953,-0.10863239573232258,0.472,-0.022343795316544957,-0.3076742909817735,0.2808331786668818
VALIDATION,12:00,MOMENTUM_VOLUME,1,60,125,125,0.15062063992248337,0.0,0.488,0.1506206399224834,-0.2792160447321419,0.5564365054826849
VALIDATION,12:00,MOMENTUM_VOLUME,1,120,125,125,-0.05946479716886783,-0.24034334763946943,0.472,-0.059464797168867774,-0.5926800583944911,0.5096621444856373
VALIDATION,12:00,MOMENTUM_VOLUME,3,30,375,125,0.10884814651449855,0.04682274247487224,0.5093333333333333,0.10884814651449856,-0.08240893405546784,0.3101964826471413
VALIDATION,12:00,MOMENTUM_VOLUME,3,60,375,125,0.06818755938925615,0.0,0.49066666666666664,0.06818755938925615,-0.19336919986908424,0.324206593379088
VALIDATION,12:00,MOMENTUM_VOLUME,3,120,375,125,-0.14112821456826938,-0.2879177377891958,0.448,-0.1411282145682694,-0.4919749649887045,0.21775739655754697
VALIDATION,12:00,MOMENTUM_VOLUME,5,30,625,125,0.07213650453865801,0.0,0.4992,0.07213650453865801,-0.09969685604604926,0.2238452105177561
VALIDATION,12:00,MOMENTUM_VOLUME,5,60,625,125,0.10608192723828816,0.02222222222220201,0.5008,0.1060819272382881,-0.13318677227493567,0.32707780293641603
VALIDATION,12:00,MOMENTUM_VOLUME,5,120,625,125,-0.04904193120932491,-0.1265822784810112,0.464,-0.04904193120932492,-0.32342294293505514,0.24771319258244537
VALIDATION,12:00,QUALITY_3,1,30,125,125,0.026145985779695353,-0.04534412955466568,0.472,0.026145985779695416,-0.29243075554811815,0.3367658797640861
VALIDATION,12:00,QUALITY_3,1,60,125,125,0.1545582150447839,-0.08805031446542833,0.472,0.15455821504478393,-0.2542796103536718,0.5862150531205207
VALIDATION,12:00,QUALITY_3,1,120,125,125,0.10271986917152458,0.049557522123848737,0.504,0.10271986917152458,-0.3829729043584013,0.6119444141931737
VALIDATION,12:00,QUALITY_3,3,30,375,125,-0.006090330122882818,-0.058091286307042814,0.4666666666666667,-0.006090330122882825,-0.1853608560022172,0.17828644282948417
VALIDATION,12:00,QUALITY_3,3,60,375,125,0.018452457743977035,0.044444444444444446,0.504,0.01845245774397707,-0.2396580245568633,0.25129977612250054
VALIDATION,12:00,QUALITY_3,3,120,375,125,-0.1435341279912284,-0.12227074235803763,0.4613333333333333,-0.1435341279912284,-0.4566816701874894,0.1590044722033934
VALIDATION,12:00,QUALITY_3,5,30,625,125,0.06541605744994873,0.0,0.4816,0.06541605744994873,-0.11723689654153534,0.22883511656436079
VALIDATION,12:00,QUALITY_3,5,60,625,125,0.16527392990361028,0.08659793814431596,0.5168,0.16527392990361026,-0.07896427362625012,0.39470437848371015
VALIDATION,12:00,QUALITY_3,5,120,625,125,-0.06518347636229789,-0.12334801762117442,0.4656,-0.0651834763622979,-0.39179085940780173,0.2502695285601747
VALIDATION,12:00,FULL_4,1,30,125,125,-0.027809475061597904,0.0,0.488,-0.027809475061597894,-0.28968535731495226,0.2539778964076801
VALIDATION,12:00,FULL_4,1,60,125,125,0.2247904941854145,0.09225700164746807,0.52,0.2247904941854145,-0.18504264092042713,0.6890244264738019
VALIDATION,12:00,FULL_4,1,120,125,125,-0.03725226020623716,-0.23551401869155209,0.464,-0.03725226020623721,-0.6130524123944301,0.598241213248787
VALIDATION,12:00,FULL_4,3,30,375,125,-0.009305601727960579,-0.014155712841240871,0.47733333333333333,-0.00930560172796055,-0.19981419481608917,0.17939678715902205
VALIDATION,12:00,FULL_4,3,60,375,125,0.14312151447825605,0.09225700164746807,0.5146666666666667,0.1431215144782561,-0.11157708059708753,0.3979327253322999
VALIDATION,12:00,FULL_4,3,120,375,125,-0.04916808719491822,-0.1814814814814815,0.45866666666666667,-0.04916808719491822,-0.3968968977208178,0.2984772709226012
VALIDATION,12:00,FULL_4,5,30,625,125,0.026311324155134336,0.0,0.4976,0.026311324155134326,-0.13292234759000535,0.16996752747718114
VALIDATION,12:00,FULL_4,5,60,625,125,0.08632923391914854,0.0,0.4992,0.08632923391914854,-0.14334629546711977,0.29485395778303475
VALIDATION,12:00,FULL_4,5,120,625,125,-0.08949057139862789,-0.1814814814814815,0.456,-0.08949057139862784,-0.3910172349837059,0.2488584908257451
