split,snapshot_time,score_family,top_k,horizon_min,paired_sessions,leader_session_avg_atr,bottom_session_avg_atr,spread_atr,spread_ci_low,spread_ci_high,positive_spread_session_rate
DEV,09:45,MOMENTUM_ONLY,1,60,449,-0.2155432960120101,-0.03425672666226259,-0.18128656934974752,-0.33875194654737273,-0.029860099519778433,0.4365256124721604
DEV,09:45,MOMENTUM_ONLY,1,120,449,-0.23368857498957982,-0.02475551445527779,-0.20893306053430208,-0.40735963617910304,0.004361807525449293,0.4209354120267261
DEV,09:45,MOMENTUM_ONLY,3,60,450,-0.04491434195678027,-0.038757767747064756,-0.006156574209715531,-0.10826598714581201,0.09726407237994976,0.48444444444444446
DEV,09:45,MOMENTUM_ONLY,3,120,450,-0.026482286294377193,-0.030699900621987183,0.004217614327609967,-0.12586748550498253,0.13557510366187395,0.47333333333333333
DEV,09:45,MOMENTUM_ONLY,5,60,450,-0.04677189077915407,-0.038757767747064756,-0.008014123032089293,-0.09452498890214692,0.07231490326500566,0.48
DEV,09:45,MOMENTUM_ONLY,5,120,450,-0.029252196401291883,-0.030699900621987183,0.0014477042206953192,-0.11162504630506394,0.12098944030982363,0.4888888888888889
DEV,09:45,MOMENTUM_VOLUME,1,60,441,-0.08700363574174022,-0.03529224345141703,-0.05171139229032323,-0.21994267444276122,0.11446468781985339,0.45351473922902497
DEV,09:45,MOMENTUM_VOLUME,1,120,441,-0.1230449890237826,-0.01721201171700855,-0.10583297730677402,-0.31672251004433405,0.12031990108445159,0.4489795918367347
DEV,09:45,MOMENTUM_VOLUME,3,60,441,-0.0756236537519571,-0.03529224345141703,-0.04033141030054006,-0.1401783606268302,0.059221031871930035,0.4671201814058957
DEV,09:45,MOMENTUM_VOLUME,3,120,441,-0.0881474442769592,-0.01721201171700855,-0.07093543255995066,-0.21437729818712872,0.0544562186853934,0.4512471655328798
DEV,09:45,MOMENTUM_VOLUME,5,60,441,-0.024449835648174344,-0.03529224345141703,0.010842407803242674,-0.0781147167856822,0.10353363884543054,0.49206349206349204
DEV,09:45,MOMENTUM_VOLUME,5,120,441,-0.031622999661771886,-0.01721201171700855,-0.014410987944763334,-0.12379824693187975,0.10362489953125997,0.47619047619047616
DEV,09:45,QUALITY_3,1,60,441,-0.06305419530181543,-0.03693699016290998,-0.026117205138905433,-0.1904961015466529,0.13950513746646118,0.47165532879818595
DEV,09:45,QUALITY_3,1,120,441,-0.08118789614675981,-0.027393030758768505,-0.05379486538799131,-0.24468411004574186,0.15923809226354144,0.46938775510204084
DEV,09:45,QUALITY_3,3,60,441,-0.031146914080273702,-0.03693699016290998,0.005790076082636294,-0.09638575632227886,0.11907188139767935,0.48299319727891155
DEV,09:45,QUALITY_3,3,120,441,-0.024077689198320443,-0.027393030758768505,0.0033153415604480316,-0.14134848696453683,0.1410803555429771,0.47619047619047616
DEV,09:45,QUALITY_3,5,60,441,-0.027580217387128906,-0.03693699016290998,0.009356772775781053,-0.08194863894598532,0.11018931716925864,0.4875283446712018
DEV,09:45,QUALITY_3,5,120,441,-0.009880126832218783,-0.027393030758768505,0.0175129039265497,-0.09791123579088529,0.13931019762177418,0.47392290249433106
DEV,09:45,FULL_4,1,60,441,-0.02646341720902073,-0.037348938767218336,0.010885521558197586,-0.16907336065091863,0.1883063769003399,0.46485260770975056
DEV,09:45,FULL_4,1,120,441,0.039267294196622574,-0.018548354839928755,0.05781564903655138,-0.1622882473222909,0.26752109375853395,0.47165532879818595
DEV,09:45,FULL_4,3,60,441,-0.029334094414468152,-0.037348938767218336,0.008014844352750168,-0.09693817996924123,0.11802279581626193,0.46258503401360546
DEV,09:45,FULL_4,3,120,441,0.00406971611653068,-0.018548354839928755,0.022618070956459447,-0.11795579357613932,0.14704329413215597,0.47165532879818595
DEV,09:45,FULL_4,5,60,441,-0.03270556764434671,-0.037348938767218336,0.004643371122871653,-0.0854764577461908,0.0957151298871013,0.4965986394557823
DEV,09:45,FULL_4,5,120,441,0.019463812752608892,-0.018548354839928755,0.03801216759253768,-0.07683715687277426,0.15160562573629807,0.4875283446712018
DEV,10:00,MOMENTUM_ONLY,1,60,446,-0.09347615946410809,-0.001136512059719508,-0.09233964740438858,-0.23609726700177242,0.04320174428821933,0.4551569506726457
DEV,10:00,MOMENTUM_ONLY,1,120,446,-0.1675363879204336,-0.003948364949490361,-0.1635880229709433,-0.33266717368648246,0.014157355334741524,0.4663677130044843
DEV,10:00,MOMENTUM_ONLY,3,60,448,0.023008237034198877,-0.006627781952024232,0.029636018986223093,-0.054310067480630386,0.1322160556374773,0.5223214285714286
DEV,10:00,MOMENTUM_ONLY,3,120,448,-0.00652794591790127,-0.012291166773366861,0.005763220855465593,-0.11672595194139021,0.13113195254246035,0.4799107142857143
DEV,10:00,MOMENTUM_ONLY,5,60,448,0.02049461027063565,-0.006627781952024232,0.02712239222265989,-0.050871237465676684,0.10857711556634005,0.5178571428571429
DEV,10:00,MOMENTUM_ONLY,5,120,448,0.006599340140143101,-0.012291166773366861,0.01889050691350999,-0.07780054109367317,0.12127543756568418,0.4888392857142857
DEV,10:00,MOMENTUM_VOLUME,1,60,439,0.03914701457727115,0.0040200394895864265,0.0351269750876847,-0.12443166064378472,0.18827592840575066,0.4760820045558087
DEV,10:00,MOMENTUM_VOLUME,1,120,439,-0.0036399308687250784,0.004920614600852598,-0.008560545469577628,-0.19357736282086643,0.1901559182922268,0.46697038724373574
DEV,10:00,MOMENTUM_VOLUME,3,60,439,0.07360226638215717,0.0040200394895864265,0.06958222689257075,-0.027707461126440625,0.17195869569397956,0.5261958997722096
DEV,10:00,MOMENTUM_VOLUME,3,120,439,0.07260638546895097,0.004920614600852598,0.06768577086809838,-0.06071839091188033,0.20631762899322104,0.5034168564920274
DEV,10:00,MOMENTUM_VOLUME,5,60,439,0.04460169802021423,0.0040200394895864265,0.04058165853062781,-0.03992312879589421,0.129613446357178,0.5079726651480638
DEV,10:00,MOMENTUM_VOLUME,5,120,439,0.05269395611957398,0.004920614600852598,0.047773341518721396,-0.05736480459586681,0.1506330764721311,0.510250569476082
DEV,10:00,QUALITY_3,1,60,439,-0.0019892693262892527,-0.007027047902506749,0.005037778576217474,-0.1499676202773438,0.16875013209087072,0.4760820045558087
DEV,10:00,QUALITY_3,1,120,439,-0.024911034823090965,-0.01047313694874818,-0.014437897874342754,-0.20133596683408111,0.16399252979804654,0.4760820045558087
DEV,10:00,QUALITY_3,3,60,439,0.06072260060893743,-0.007027047902506749,0.06774964851144417,-0.02517227356616963,0.1656562833173558,0.5193621867881549
DEV,10:00,QUALITY_3,3,120,439,0.04854757067429067,-0.01047313694874818,0.05902070762303888,-0.0636242359969023,0.19774417116620893,0.47380410022779046
DEV,10:00,QUALITY_3,5,60,439,0.06503386174896747,-0.007027047902506749,0.07206090965147421,-0.005189704488920542,0.1516777079812197,0.5193621867881549
DEV,10:00,QUALITY_3,5,120,439,0.09223383063283655,-0.01047313694874818,0.10270696758158475,-0.008448009634405753,0.22072220655703273,0.5353075170842825
DEV,10:00,FULL_4,1,60,439,0.024637873453152246,0.0031655096670314,0.021472363786120843,-0.13199091166518748,0.18286273473783837,0.48519362186788156
DEV,10:00,FULL_4,1,120,439,0.07710743889250996,0.007521271547915185,0.06958616734459475,-0.10881032880033763,0.25686244230437705,0.5034168564920274
DEV,10:00,FULL_4,3,60,439,0.0379201996215818,0.0031655096670314,0.034754689954550395,-0.05978355507422871,0.13348826285084464,0.5125284738041003
DEV,10:00,FULL_4,3,120,439,0.05664247368691834,0.007521271547915185,0.04912120213900314,-0.06261273059819876,0.1797850975530166,0.5079726651480638
DEV,10:00,FULL_4,5,60,439,0.05079579213345642,0.0031655096670314,0.04763028246642501,-0.03633091279746845,0.13163242864922967,0.510250569476082
DEV,10:00,FULL_4,5,120,439,0.054999014909245324,0.007521271547915185,0.04747774336133013,-0.06567494970917824,0.15530946797133285,0.49430523917995445
DEV,10:30,MOMENTUM_ONLY,1,60,447,0.11969363049105158,0.046478547821002136,0.07321508267004942,-0.08452641098312018,0.21454052640521853,0.49217002237136465
DEV,10:30,MOMENTUM_ONLY,1,120,447,-0.028488944438064226,0.018613190529872918,-0.04710213496793717,-0.23591614868959476,0.13364522635151962,0.4809843400447427
DEV,10:30,MOMENTUM_ONLY,3,60,449,0.07471906711423103,0.04771094768901402,0.027008119425217008,-0.07479087017605617,0.1359789048502052,0.46325167037861914
DEV,10:30,MOMENTUM_ONLY,3,120,449,0.033627062306877724,0.014918390720556882,0.018708671586320842,-0.1139984915077995,0.15690380055589506,0.47438752783964366
DEV,10:30,MOMENTUM_ONLY,5,60,449,0.10422241179537754,0.04771094768901402,0.05651146410636352,-0.029870191723718794,0.14791843447788522,0.48329621380846327
DEV,10:30,MOMENTUM_ONLY,5,120,449,0.08856475133597376,0.014918390720556882,0.07364636061541686,-0.05321240074757207,0.18503435735216442,0.49888641425389757
DEV,10:30,MOMENTUM_VOLUME,1,60,439,0.079781472277757,0.043425593109418424,0.03635587916833855,-0.11639236027732154,0.18858935330255008,0.48519362186788156
DEV,10:30,MOMENTUM_VOLUME,1,120,439,0.03298737787604585,0.008856300232888326,0.024131077643157528,-0.1736814569650583,0.23381004906836164,0.48519362186788156
DEV,10:30,MOMENTUM_VOLUME,3,60,439,0.08939475487947308,0.043425593109418424,0.04596916177005464,-0.06447606881643396,0.15048641195437953,0.4874715261958998
DEV,10:30,MOMENTUM_VOLUME,3,120,439,0.11778809407940456,0.008856300232888326,0.10893179384651623,-0.030978776354398052,0.2566097230965637,0.5148063781321185
DEV,10:30,MOMENTUM_VOLUME,5,60,439,0.11601015089481248,0.043425593109418424,0.07258455778539406,-0.025508515575023184,0.1696460608547851,0.489749430523918
DEV,10:30,MOMENTUM_VOLUME,5,120,439,0.09791638447543075,0.008856300232888326,0.08906008424254241,-0.03904087945333826,0.21709120002615112,0.5034168564920274
DEV,10:30,QUALITY_3,1,60,439,0.11817763654753649,0.04309137144446791,0.07508626510306862,-0.08942955552889642,0.23983598880367057,0.5079726651480638
DEV,10:30,QUALITY_3,1,120,439,0.0020964652211986935,0.009276145451439339,-0.0071796802302406615,-0.2175953011658863,0.21605647714315288,0.45785876993166286
DEV,10:30,QUALITY_3,3,60,439,0.1328129355150057,0.04309137144446791,0.0897215640705378,-0.023268227220245963,0.20031672151638652,0.49430523917995445
DEV,10:30,QUALITY_3,3,120,439,0.13093986753875858,0.009276145451439339,0.12166372208731921,-0.020634745073513934,0.27129133934417715,0.5239179954441914
DEV,10:30,QUALITY_3,5,60,439,0.13838963462600282,0.04309137144446791,0.09529826318153489,-0.0032399581790006978,0.20438298115431236,0.4988610478359909
DEV,10:30,QUALITY_3,5,120,439,0.12346516319442262,0.009276145451439339,0.11418901774298326,-0.011572457532067575,0.23810474633445122,0.5011389521640092
DEV,10:30,FULL_4,1,60,439,0.07991713073393654,0.04701593536213786,0.03290119537179868,-0.12023440908158715,0.193350012032232,0.4760820045558087
DEV,10:30,FULL_4,1,120,439,0.14659071320006675,0.01890613290953035,0.1276845802905364,-0.079514830617486,0.351640459894861,0.4646924829157175
DEV,10:30,FULL_4,3,60,439,0.11867195129780486,0.04701593536213786,0.07165601593566698,-0.03495445443643369,0.18086720497195197,0.4920273348519362
DEV,10:30,FULL_4,3,120,439,0.11855093001706792,0.01890613290953035,0.0996447971075376,-0.05404945906553857,0.24477663891927748,0.4760820045558087
DEV,10:30,FULL_4,5,60,439,0.11183732389743514,0.04701593536213786,0.06482138853529729,-0.026449342497203966,0.16043407989835887,0.5056947608200456
DEV,10:30,FULL_4,5,120,439,0.11167794274486878,0.01890613290953035,0.09277180983533843,-0.030002359887508233,0.2150063645308201,0.49658314350797267
DEV,11:00,MOMENTUM_ONLY,1,60,449,-0.0839379048055705,-0.02563773701212858,-0.05830016779344191,-0.24052436364560417,0.13339990359371778,0.46770601336302897
DEV,11:00,MOMENTUM_ONLY,1,120,449,-0.18826294624951134,-0.08129988718507308,-0.10696305906443822,-0.3206644635764001,0.1273919110055922,0.49665924276169265
DEV,11:00,MOMENTUM_ONLY,3,60,449,-0.026138881983207258,-0.02563773701212858,-0.0005011449710786785,-0.1178270838120296,0.12752638791123652,0.5100222717149221
DEV,11:00,MOMENTUM_ONLY,3,120,449,-0.04107194247241922,-0.08129988718507308,0.04022794471265383,-0.12574214900045755,0.196715577012029,0.5055679287305123
DEV,11:00,MOMENTUM_ONLY,5,60,449,0.0076642758087096365,-0.02563773701212858,0.03330201282083821,-0.06893457349307186,0.14113084442873466,0.5011135857461024
DEV,11:00,MOMENTUM_ONLY,5,120,449,0.03977356420820159,-0.08129988718507308,0.12107345139327468,-0.007664186709115876,0.25170444884886145,0.5167037861915368
DEV,11:00,MOMENTUM_VOLUME,1,60,439,0.01215979650411805,-0.0270427060322088,0.03920250253632685,-0.1560967388690875,0.22512496177174895,0.47380410022779046
DEV,11:00,MOMENTUM_VOLUME,1,120,439,0.02234981727898172,-0.07572265207283553,0.09807246935181729,-0.1726647188277361,0.38482742692994043,0.4874715261958998
DEV,11:00,MOMENTUM_VOLUME,3,60,439,0.05288435102485339,-0.0270427060322088,0.07992705705706221,-0.040184097894830385,0.2115769752475512,0.5261958997722096
DEV,11:00,MOMENTUM_VOLUME,3,120,439,0.032388724446018875,-0.07572265207283553,0.1081113765188544,-0.05028465301632439,0.2854665745247953,0.4988610478359909
DEV,11:00,MOMENTUM_VOLUME,5,60,439,0.10035138873720062,-0.0270427060322088,0.12739409476940944,0.02231987868956455,0.23011666977820242,0.5261958997722096
DEV,11:00,MOMENTUM_VOLUME,5,120,439,0.08822283398320406,-0.07572265207283553,0.16394548605603962,0.027750349887049854,0.30924791951488834,0.5353075170842825
DEV,11:00,QUALITY_3,1,60,439,-0.02241215274252625,-0.03658938807283099,0.014177235330304705,-0.2000909200535771,0.23775215990898033,0.4646924829157175
DEV,11:00,QUALITY_3,1,120,439,-0.09480101198167955,-0.1000925744106877,0.0052915624290081455,-0.25366251121783895,0.2766048483942112,0.45785876993166286
DEV,11:00,QUALITY_3,3,60,439,0.05222289864041093,-0.03658938807283099,0.0888122867132419,-0.03146419665806248,0.21777587965532763,0.5011389521640092
DEV,11:00,QUALITY_3,3,120,439,0.041915508821876626,-0.1000925744106877,0.14200808323256434,-0.01800942227739409,0.3079026745920647,0.49430523917995445
DEV,11:00,QUALITY_3,5,60,439,0.056188153571353226,-0.03658938807283099,0.09277754164418417,-0.015377569631378235,0.2030982010497404,0.5261958997722096
DEV,11:00,QUALITY_3,5,120,439,0.03839148609519324,-0.1000925744106877,0.13848406050588094,0.008698090329847424,0.2712040757344444,0.5466970387243736
DEV,11:00,FULL_4,1,60,439,0.13526905050305302,-0.030302401110224284,0.1655714516132773,-0.043122907449288754,0.38369957770074076,0.48519362186788156
DEV,11:00,FULL_4,1,120,439,0.12201273826989206,-0.09061552904561793,0.21262826731551002,-0.038084552223607925,0.4810208206070909,0.4988610478359909
DEV,11:00,FULL_4,3,60,439,0.051049258718930374,-0.030302401110224284,0.08135165982915464,-0.0370081509248177,0.20904618866433933,0.489749430523918
DEV,11:00,FULL_4,3,120,439,0.06269124900757098,-0.09061552904561793,0.1533067780531889,-0.018973030438587855,0.3203964290010641,0.4874715261958998
DEV,11:00,FULL_4,5,60,439,0.020219399165240504,-0.030302401110224284,0.05052180027546479,-0.05026961297745717,0.15540411211215283,0.4988610478359909
DEV,11:00,FULL_4,5,120,439,0.018086093251717207,-0.09061552904561793,0.10870162229733514,-0.028946761053078772,0.2520423306934215,0.489749430523918
DEV,12:00,MOMENTUM_ONLY,1,60,447,-0.0669059025691676,-0.08766261362992353,0.020756711060755873,-0.18931564942096835,0.24533406296143503,0.49440715883668906
DEV,12:00,MOMENTUM_ONLY,1,120,447,0.043101844059722665,-0.01421689984684093,0.057318743906563566,-0.2235274496022676,0.32891168447987457,0.4451901565995526
DEV,12:00,MOMENTUM_ONLY,3,60,449,0.06424469768613095,-0.09137907548278718,0.1556237731689181,0.021496128156854845,0.3012049506618726,0.5389755011135857
DEV,12:00,MOMENTUM_ONLY,3,120,449,0.17763731933583973,-0.01676656847997972,0.1944038878158194,0.01128086374974461,0.3702068991099825,0.4922048997772829
DEV,12:00,MOMENTUM_ONLY,5,60,449,0.02523433992148921,-0.09137907548278718,0.11661341540427639,0.012162195704059965,0.23758917092529205,0.5657015590200446
DEV,12:00,MOMENTUM_ONLY,5,120,449,0.14812326565398745,-0.01676656847997972,0.16488983413396716,0.009269191937454577,0.3084453346129904,0.5100222717149221
DEV,12:00,MOMENTUM_VOLUME,1,60,439,0.020997699767224084,-0.09888204544886922,0.11987974521609326,-0.11350820734126987,0.3899228583689301,0.4874715261958998
DEV,12:00,MOMENTUM_VOLUME,1,120,439,0.07103523596248812,-0.026584288192698445,0.09761952415518657,-0.22163271978690324,0.4062812879462429,0.4510250569476082
DEV,12:00,MOMENTUM_VOLUME,3,60,439,0.0014678935387554284,-0.09888204544886922,0.10034993898762465,-0.04985965286730103,0.26430055546382103,0.510250569476082
DEV,12:00,MOMENTUM_VOLUME,3,120,439,0.034746462224472176,-0.026584288192698445,0.06133075041717064,-0.11659808427412621,0.2543797249267663,0.46697038724373574
DEV,12:00,MOMENTUM_VOLUME,5,60,439,0.0037920100529425854,-0.09888204544886922,0.10267405550181183,-0.006835527346069574,0.20618445005421657,0.5398633257403189
DEV,12:00,MOMENTUM_VOLUME,5,120,439,0.05273610064201605,-0.026584288192698445,0.07932038883471447,-0.06750357478696808,0.23004618611511243,0.4874715261958998
DEV,12:00,QUALITY_3,1,60,439,0.16115049215909605,-0.10181283845290735,0.26296333061200333,-0.010161070148153734,0.5587498662945434,0.49430523917995445
DEV,12:00,QUALITY_3,1,120,439,0.23736113416829518,-0.034876766104552655,0.2722379002728479,-0.06121996146830119,0.5791938116783274,0.46924829157175396
DEV,12:00,QUALITY_3,3,60,439,0.05760362050702867,-0.10181283845290735,0.15941645895993597,0.02252556390730671,0.30103429795719644,0.5239179954441914
DEV,12:00,QUALITY_3,3,120,439,0.07731726837364936,-0.034876766104552655,0.11219403447820192,-0.06525540241573734,0.2953876809051511,0.5170842824601367
DEV,12:00,QUALITY_3,5,60,439,0.057552084422895486,-0.10181283845290735,0.1593649228758028,0.04203794026934422,0.272049729588516,0.5444191343963554
DEV,12:00,QUALITY_3,5,120,439,0.13283566772079444,-0.034876766104552655,0.16771243382534717,0.023753716335722885,0.3257392439304232,0.530751708428246
DEV,12:00,FULL_4,1,60,439,0.15615993911850298,-0.10186333575151581,0.2580232748700188,0.024035903699522264,0.49117757391873385,0.46697038724373574
DEV,12:00,FULL_4,1,120,439,0.15255797515246555,-0.022141967244823053,0.17469994239728862,-0.1211020518508592,0.4689562080415745,0.46697038724373574
DEV,12:00,FULL_4,3,60,439,0.06798056070685157,-0.10186333575151581,0.16984389645836742,0.045790160103469965,0.2914090107255147,0.5284738041002278
DEV,12:00,FULL_4,3,120,439,0.11186837167906469,-0.022141967244823053,0.13401033892388778,-0.04977113651803549,0.3193181028845028,0.5148063781321185
DEV,12:00,FULL_4,5,60,439,0.048085554898708104,-0.10186333575151581,0.14994889065022393,0.03519465457160057,0.25274831268448733,0.5375854214123007
DEV,12:00,FULL_4,5,120,439,0.11814214586460751,-0.022141967244823053,0.1402841131094306,-0.01356433395874379,0.30324947322286366,0.5239179954441914
VALIDATION,09:45,MOMENTUM_ONLY,1,60,125,-0.19354162865068614,-0.07044638179459244,-0.12309524685609369,-0.4188980951635101,0.17050553965807508,0.48
VALIDATION,09:45,MOMENTUM_ONLY,1,120,125,-0.06988036768862374,-0.13033087836770607,0.060450510679082296,-0.29545574280598097,0.42197260821034394,0.496
VALIDATION,09:45,MOMENTUM_ONLY,3,60,125,-0.09913702645635808,-0.07044638179459244,-0.028690644661765668,-0.2236670538013768,0.16180997253217178,0.472
VALIDATION,09:45,MOMENTUM_ONLY,3,120,125,0.024638624606848986,-0.13033087836770607,0.15496950297455503,-0.10631878392001344,0.40679228874781065,0.544
VALIDATION,09:45,MOMENTUM_ONLY,5,60,125,-0.14291887699289677,-0.07044638179459244,-0.07247249519830436,-0.22985168524088537,0.08359018974978803,0.48
VALIDATION,09:45,MOMENTUM_ONLY,5,120,125,-0.10231417831664992,-0.13033087836770607,0.028016700051056175,-0.1619498446703115,0.21456425292686573,0.52
VALIDATION,09:45,MOMENTUM_VOLUME,1,60,125,-0.0662378914505811,-0.1021604663277337,0.03592257487715262,-0.25314893033583136,0.34792917567396053,0.536
VALIDATION,09:45,MOMENTUM_VOLUME,1,120,125,0.05527787490551322,-0.14958936931851302,0.2048672442240262,-0.1668622202046567,0.5810093915947008,0.544
VALIDATION,09:45,MOMENTUM_VOLUME,3,60,125,-0.11210658463442605,-0.1021604663277337,-0.009946118306692415,-0.20450597099817908,0.1882426941716042,0.512
VALIDATION,09:45,MOMENTUM_VOLUME,3,120,125,-0.10877733386672556,-0.14958936931851302,0.040812035451787514,-0.20932097624986537,0.27209839534628083,0.528
VALIDATION,09:45,MOMENTUM_VOLUME,5,60,125,-0.01471253833481533,-0.1021604663277337,0.08744792799291835,-0.10135402701396577,0.2752196164072102,0.536
VALIDATION,09:45,MOMENTUM_VOLUME,5,120,125,0.013288764487563845,-0.14958936931851302,0.1628781338060769,-0.03825008376476121,0.37788918011591194,0.584
VALIDATION,09:45,QUALITY_3,1,60,125,-0.07488378049209413,-0.06615820656222295,-0.008725573929871205,-0.2959899499280784,0.28195051069241206,0.488
VALIDATION,09:45,QUALITY_3,1,120,125,-0.08280373878417116,-0.10844391192598125,0.025640173141810135,-0.3892347393123344,0.40580610205009293,0.48
VALIDATION,09:45,QUALITY_3,3,60,125,-0.11953688616579093,-0.06615820656222295,-0.05337867960356802,-0.2655256267565001,0.17120375780187994,0.512
VALIDATION,09:45,QUALITY_3,3,120,125,-0.11643094094517654,-0.10844391192598125,-0.007987029019195244,-0.279942554262879,0.23573980152809,0.528
VALIDATION,09:45,QUALITY_3,5,60,125,-0.06859999209414026,-0.06615820656222295,-0.0024417855319173168,-0.17328802654177627,0.1774020065112981,0.464
VALIDATION,09:45,QUALITY_3,5,120,125,-0.06432963708999326,-0.10844391192598125,0.04411427483598798,-0.13885212902877514,0.23955873615695916,0.56
VALIDATION,09:45,FULL_4,1,60,125,0.018976398688798277,-0.09126352462051383,0.1102399233093121,-0.23269281752806936,0.4192211812060623,0.536
VALIDATION,09:45,FULL_4,1,120,125,-0.06354464295544805,-0.1272510924439436,0.06370644948849553,-0.27556069173211917,0.4101119679143524,0.536
VALIDATION,09:45,FULL_4,3,60,125,-0.0427987577822615,-0.09126352462051383,0.04846476683825235,-0.1679698812220614,0.2681479223557591,0.488
VALIDATION,09:45,FULL_4,3,120,125,-0.07157262026779561,-0.1272510924439436,0.05567847217614798,-0.21174711851536612,0.315189175658335,0.52
VALIDATION,09:45,FULL_4,5,60,125,-0.02398425811779152,-0.09126352462051383,0.06727926650272233,-0.12250659133522318,0.25028846441382807,0.568
VALIDATION,09:45,FULL_4,5,120,125,-0.023570065054162533,-0.1272510924439436,0.10368102738978106,-0.11226027130659906,0.3465359319089363,0.552
VALIDATION,10:00,MOMENTUM_ONLY,1,60,124,-0.2556534395089686,-0.04932305658275822,-0.20633038292621034,-0.4235217340302172,0.038345745552749264,0.4112903225806452
VALIDATION,10:00,MOMENTUM_ONLY,1,120,124,-0.12302363931323239,-0.12037641704297854,-0.0026472222702538704,-0.33876595849215274,0.3206713728412996,0.4838709677419355
VALIDATION,10:00,MOMENTUM_ONLY,3,60,125,-0.026398167037678066,-0.046248543333928055,0.019850376296249996,-0.17300521554094161,0.20909243967567143,0.496
VALIDATION,10:00,MOMENTUM_ONLY,3,120,125,0.06888005614919211,-0.11572095190641463,0.18460100805560678,-0.04204584663169305,0.40719613880941585,0.576
VALIDATION,10:00,MOMENTUM_ONLY,5,60,125,0.04952635216040669,-0.046248543333928055,0.09577489549433474,-0.05255333626842443,0.24260575647917237,0.528
VALIDATION,10:00,MOMENTUM_ONLY,5,120,125,0.11775000822469832,-0.11572095190641463,0.23347096013111288,0.0472555761646968,0.4316565251399663,0.56
VALIDATION,10:00,MOMENTUM_VOLUME,1,60,125,0.05366862419725945,-0.045668333629573996,0.09933695782683347,-0.16935378741740748,0.36795143954212184,0.536
VALIDATION,10:00,MOMENTUM_VOLUME,1,120,125,0.09486173728407135,-0.11104595452837733,0.20590769181244872,-0.1091464094570152,0.5443066516581254,0.536
VALIDATION,10:00,MOMENTUM_VOLUME,3,60,125,0.055588237916491534,-0.045668333629573996,0.1012565715460655,-0.10065326607871637,0.29111564064712653,0.536
VALIDATION,10:00,MOMENTUM_VOLUME,3,120,125,0.1302721170559472,-0.11104595452837733,0.24131807158432458,0.005981133129188576,0.47790139396122255,0.544
VALIDATION,10:00,MOMENTUM_VOLUME,5,60,125,0.060684713344089765,-0.045668333629573996,0.10635304697366375,-0.04263225513586434,0.25143205460194856,0.512
VALIDATION,10:00,MOMENTUM_VOLUME,5,120,125,0.11664412969752033,-0.11104595452837733,0.22769008422589765,0.03171329349797665,0.4282702895342568,0.576
VALIDATION,10:00,QUALITY_3,1,60,125,0.04509377738458214,-0.03628583511964666,0.0813796125042288,-0.22290156106952208,0.38506019159280025,0.496
VALIDATION,10:00,QUALITY_3,1,120,125,0.17475653256223567,-0.10297766408669094,0.27773419664892657,-0.10507945604116407,0.6615440685371875,0.552
VALIDATION,10:00,QUALITY_3,3,60,125,0.04317778354801382,-0.03628583511964666,0.07946361866766047,-0.11117272404903696,0.2625033493915942,0.512
VALIDATION,10:00,QUALITY_3,3,120,125,0.172763923808867,-0.10297766408669094,0.27574158789555786,0.046759868979971295,0.5173567901882907,0.592
VALIDATION,10:00,QUALITY_3,5,60,125,0.046726656324974775,-0.03628583511964666,0.08301249144462144,-0.0793670477894668,0.24731144209473432,0.488
VALIDATION,10:00,QUALITY_3,5,120,125,0.08120778398611168,-0.10297766408669094,0.18418544807280263,-0.03248439660018729,0.3979896318511913,0.6
VALIDATION,10:00,FULL_4,1,60,125,-0.019296048563488474,-0.04662840438161581,0.02733235581812738,-0.2585395013704378,0.3242553850084784,0.48
VALIDATION,10:00,FULL_4,1,120,125,-0.02345778793585125,-0.10784208548555756,0.0843842975497063,-0.2721704365489496,0.45309555020336234,0.496
VALIDATION,10:00,FULL_4,3,60,125,0.03622555293825681,-0.04662840438161581,0.08285395731987263,-0.11031416609476166,0.2567284412356825,0.52
VALIDATION,10:00,FULL_4,3,120,125,0.08300213502393197,-0.10784208548555756,0.19084422050948954,-0.03150283741526614,0.4261816626803599,0.576
VALIDATION,10:00,FULL_4,5,60,125,0.008534417259118098,-0.04662840438161581,0.05516282164073394,-0.09076952112376356,0.2030803484204346,0.52
VALIDATION,10:00,FULL_4,5,120,125,0.036359230248186006,-0.10784208548555756,0.1442013157337435,-0.0585609907144541,0.3458284389133811,0.544
VALIDATION,10:30,MOMENTUM_ONLY,1,60,124,0.19181938200392698,-0.07274104002316364,0.2645604220270906,-0.03959737620393526,0.6104299700656766,0.5403225806451613
VALIDATION,10:30,MOMENTUM_ONLY,1,120,124,0.17305200810132731,-0.028132898988907144,0.20118490709023457,-0.19449303346623054,0.5815061454004185,0.49193548387096775
VALIDATION,10:30,MOMENTUM_ONLY,3,60,125,0.06258909908110405,-0.06500560788213666,0.12759470696324077,-0.04857174610947812,0.29972944338286994,0.544
VALIDATION,10:30,MOMENTUM_ONLY,3,120,125,0.1953422413034563,-0.022559013321648332,0.21790125462510462,-0.03315299216501652,0.46944351863617745,0.536
VALIDATION,10:30,MOMENTUM_ONLY,5,60,125,0.00873241314616138,-0.06500560788213666,0.07373802102829805,-0.06256101190147628,0.22091610048556984,0.552
VALIDATION,10:30,MOMENTUM_ONLY,5,120,125,0.13090119953083154,-0.022559013321648332,0.15346021285247988,-0.05622972304238171,0.3730494614041205,0.568
VALIDATION,10:30,MOMENTUM_VOLUME,1,60,125,-0.1008953238344308,-0.07686137571647605,-0.024033948117954715,-0.3629955499821315,0.353248566890432,0.424
VALIDATION,10:30,MOMENTUM_VOLUME,1,120,125,0.1082814622846902,-0.023940490693819722,0.13222195297850997,-0.2713854086074864,0.5686546320961674,0.48
VALIDATION,10:30,MOMENTUM_VOLUME,3,60,125,-0.06142801912737168,-0.07686137571647605,0.015433356589104394,-0.1616825110967167,0.20674498528847648,0.472
VALIDATION,10:30,MOMENTUM_VOLUME,3,120,125,0.0540122657017446,-0.023940490693819722,0.07795275639556427,-0.1822896579154326,0.3629616871400013,0.44
VALIDATION,10:30,MOMENTUM_VOLUME,5,60,125,-0.027432030291283337,-0.07686137571647605,0.04942934542519273,-0.09284520820087042,0.21404613289523017,0.528
VALIDATION,10:30,MOMENTUM_VOLUME,5,120,125,0.0635636671033084,-0.023940490693819722,0.08750415779712808,-0.12734056917296216,0.2864660899421195,0.504
VALIDATION,10:30,QUALITY_3,1,60,125,-0.051207362657862576,-0.07922897855968232,0.028021615901819764,-0.3121284223253661,0.4129711889929989,0.464
VALIDATION,10:30,QUALITY_3,1,120,125,0.13616350601115298,-0.031034617893033165,0.16719812390418623,-0.249445482304823,0.6155957508070001,0.488
VALIDATION,10:30,QUALITY_3,3,60,125,0.014464715306565335,-0.07922897855968232,0.09369369386624764,-0.08619587688478089,0.28295117774388506,0.536
VALIDATION,10:30,QUALITY_3,3,120,125,0.2059881325701158,-0.031034617893033165,0.237022750463149,-0.008454268154858793,0.5235663247825435,0.568
VALIDATION,10:30,QUALITY_3,5,60,125,-0.0228249656403054,-0.07922897855968232,0.056404012919376946,-0.0798667478523366,0.21177100479073732,0.512
VALIDATION,10:30,QUALITY_3,5,120,125,0.10595460497346919,-0.031034617893033165,0.1369892228665024,-0.07695846186933127,0.3409375855371557,0.536
VALIDATION,10:30,FULL_4,1,60,125,-0.13940070691042772,-0.09270849325081518,-0.04669221365961257,-0.3494908467407647,0.26949776185631324,0.464
VALIDATION,10:30,FULL_4,1,120,125,-0.05816680817104981,-0.04376995138023886,-0.014396856790810921,-0.40043958542628344,0.3735996450182464,0.496
VALIDATION,10:30,FULL_4,3,60,125,0.057221748768106984,-0.09270849325081518,0.1499302420189221,-0.07597789028222246,0.3630540381946672,0.504
VALIDATION,10:30,FULL_4,3,120,125,0.1173179512499636,-0.04376995138023886,0.16108790263020253,-0.13037718603683734,0.4516068912060744,0.52
VALIDATION,10:30,FULL_4,5,60,125,0.03242116793314161,-0.09270849325081518,0.12512966118395683,-0.014455441763109488,0.2844196368345312,0.584
VALIDATION,10:30,FULL_4,5,120,125,0.04754421277622276,-0.04376995138023886,0.09131416415646164,-0.13398766547040097,0.32766354112802615,0.504
VALIDATION,11:00,MOMENTUM_ONLY,1,60,125,0.34042435382713515,-0.11244355373761841,0.45286790756475365,0.12449310153359029,0.8094304430085986,0.56
VALIDATION,11:00,MOMENTUM_ONLY,1,120,125,0.3341873547487617,0.05203761637590004,0.2821497383728616,-0.15230022011699004,0.7339503180288148,0.496
VALIDATION,11:00,MOMENTUM_ONLY,3,60,125,0.07322672280032197,-0.11244355373761841,0.18567027653794044,-0.04688945854128813,0.4161113014504352,0.552
VALIDATION,11:00,MOMENTUM_ONLY,3,120,125,0.1741097420848166,0.05203761637590004,0.12207212570891657,-0.19919626324462772,0.45104190682995216,0.464
VALIDATION,11:00,MOMENTUM_ONLY,5,60,125,0.04663307150229563,-0.11244355373761841,0.1590766252399141,-0.010414757342249203,0.330207184517412,0.592
VALIDATION,11:00,MOMENTUM_ONLY,5,120,125,0.20214484346377504,0.05203761637590004,0.15010722708787497,-0.08660558425322235,0.3963095870153521,0.536
VALIDATION,11:00,MOMENTUM_VOLUME,1,60,125,0.12130347991434878,-0.09449707416942703,0.21580055408377583,-0.171135882373143,0.5888363984761283,0.544
VALIDATION,11:00,MOMENTUM_VOLUME,1,120,125,0.31188062359562024,0.06225761337379504,0.2496230102218252,-0.2534742975344849,0.756188732132316,0.544
VALIDATION,11:00,MOMENTUM_VOLUME,3,60,125,0.09103452635956784,-0.09449707416942703,0.18553160052899484,-0.08027206121147273,0.4381525489648694,0.528
VALIDATION,11:00,MOMENTUM_VOLUME,3,120,125,0.32428777529291175,0.06225761337379504,0.26203016191911666,-0.05167446651775043,0.6136826170886707,0.512
VALIDATION,11:00,MOMENTUM_VOLUME,5,60,125,0.0065528514765234355,-0.09449707416942703,0.10104992564595042,-0.09708805419194709,0.3089291620398454,0.568
VALIDATION,11:00,MOMENTUM_VOLUME,5,120,125,0.20369512302425904,0.06225761337379504,0.141437509650464,-0.1544787705076873,0.4162594256973843,0.512
VALIDATION,11:00,QUALITY_3,1,60,125,0.0007616244025698844,-0.10766650362438258,0.1084281280269524,-0.268853943262673,0.4805055080805313,0.544
VALIDATION,11:00,QUALITY_3,1,120,125,0.21766065660810494,0.03916041504209557,0.17850024156600947,-0.36758757063814435,0.7025349995094515,0.552
VALIDATION,11:00,QUALITY_3,3,60,125,-0.03577355506103452,-0.10766650362438258,0.07189294856334807,-0.1540285062993117,0.2963221802473791,0.528
VALIDATION,11:00,QUALITY_3,3,120,125,0.12063447459676134,0.03916041504209557,0.08147405955466579,-0.22021793644356844,0.38268123040676805,0.52
VALIDATION,11:00,QUALITY_3,5,60,125,-0.018449910291656414,-0.10766650362438258,0.08921659333272614,-0.0975791209964067,0.27304889853998815,0.56
VALIDATION,11:00,QUALITY_3,5,120,125,0.15159277665007329,0.03916041504209557,0.11243236160797768,-0.15978071991882004,0.4043574571620072,0.496
VALIDATION,11:00,FULL_4,1,60,125,0.3171899549419917,-0.0886214284439861,0.4058113833859779,0.02461253273409124,0.7751548381796614,0.52
VALIDATION,11:00,FULL_4,1,120,125,0.6452655261629708,0.05464010264689266,0.5906254235160783,0.03668111990562786,1.181793915012399,0.52
VALIDATION,11:00,FULL_4,3,60,125,0.10960719736622523,-0.0886214284439861,0.19822862581021133,-0.06295825775684197,0.44442074458293235,0.52
VALIDATION,11:00,FULL_4,3,120,125,0.289112500137284,0.05464010264689266,0.2344723974903915,-0.09869136624327282,0.6001955948454767,0.528
VALIDATION,11:00,FULL_4,5,60,125,0.018854070104228043,-0.0886214284439861,0.10747549854821414,-0.0714107410281086,0.31354286307490187,0.496
VALIDATION,11:00,FULL_4,5,120,125,0.19600850975288964,0.05464010264689266,0.14136840710599693,-0.12811128465018984,0.4180798110733549,0.536
VALIDATION,12:00,MOMENTUM_ONLY,1,60,125,0.04826534959866656,0.18394287806693108,-0.13567752846826453,-0.44242252137333676,0.18307975858422604,0.472
VALIDATION,12:00,MOMENTUM_ONLY,1,120,125,-0.24729420180505204,0.053528575935185105,-0.300822777740237,-0.8689905267901508,0.22986803882470305,0.48
VALIDATION,12:00,MOMENTUM_ONLY,3,60,125,0.13152746508775842,0.18394287806693108,-0.052415412979172675,-0.2735291789350814,0.17146800795670644,0.488
VALIDATION,12:00,MOMENTUM_ONLY,3,120,125,-0.14886609614684795,0.053528575935185105,-0.20239467208203307,-0.5121238512399875,0.15373899977242214,0.44
VALIDATION,12:00,MOMENTUM_ONLY,5,60,125,0.09668756037890429,0.18394287806693108,-0.08725531768802679,-0.28602178121448707,0.13741372029633028,0.464
VALIDATION,12:00,MOMENTUM_ONLY,5,120,125,-0.14175246020864501,0.053528575935185105,-0.19528103614383008,-0.4705719286697232,0.1117252890031599,0.432
VALIDATION,12:00,MOMENTUM_VOLUME,1,60,125,0.1506206399224834,0.15124728137143992,-0.0006266414489565406,-0.3614254977405205,0.416433990690826,0.496
VALIDATION,12:00,MOMENTUM_VOLUME,1,120,125,-0.059464797168867774,0.0009205645740203767,-0.06038536174288818,-0.622464120594068,0.5453106814531404,0.464
VALIDATION,12:00,MOMENTUM_VOLUME,3,60,125,0.06818755938925615,0.15124728137143992,-0.08305972198218382,-0.3150292769530458,0.1716009064259842,0.456
VALIDATION,12:00,MOMENTUM_VOLUME,3,120,125,-0.1411282145682694,0.0009205645740203767,-0.14204877914228975,-0.4676545702669737,0.21455340914806445,0.456
VALIDATION,12:00,MOMENTUM_VOLUME,5,60,125,0.1060819272382881,0.15124728137143992,-0.04516535413315182,-0.26063022671970376,0.17686163963538046,0.448
VALIDATION,12:00,MOMENTUM_VOLUME,5,120,125,-0.04904193120932492,0.0009205645740203767,-0.04996249578334527,-0.30354680918952176,0.24184488404746712,0.48
VALIDATION,12:00,QUALITY_3,1,60,125,0.15455821504478393,0.16171322411113162,-0.007155009066347707,-0.3953568106925561,0.39786813779343494,0.448
VALIDATION,12:00,QUALITY_3,1,120,125,0.10271986917152458,0.02724785524276855,0.075472013928756,-0.4402874894118783,0.6334178533744568,0.488
VALIDATION,12:00,QUALITY_3,3,60,125,0.01845245774397707,0.16171322411113162,-0.14326076636715457,-0.38071572069225074,0.1117568686315696,0.48
VALIDATION,12:00,QUALITY_3,3,120,125,-0.1435341279912284,0.02724785524276855,-0.17078198323399693,-0.47507644997686943,0.18069391573429652,0.432
VALIDATION,12:00,QUALITY_3,5,60,125,0.16527392990361026,0.16171322411113162,0.003560705792478642,-0.2061671452225208,0.22167009456922143,0.504
VALIDATION,12:00,QUALITY_3,5,120,125,-0.0651834763622979,0.02724785524276855,-0.09243133160506638,-0.3633672329329202,0.2050192783849316,0.392
VALIDATION,12:00,FULL_4,1,60,125,0.2247904941854145,0.1448730574607395,0.07991743672467501,-0.3450176364904523,0.5655970808182306,0.512
VALIDATION,12:00,FULL_4,1,120,125,-0.03725226020623721,-0.00431816355760131,-0.03293409664863592,-0.5647842093285129,0.5337086616858663,0.504
VALIDATION,12:00,FULL_4,3,60,125,0.1431215144782561,0.1448730574607395,-0.0017515429824834143,-0.26025766097093367,0.26873150372556626,0.424
VALIDATION,12:00,FULL_4,3,120,125,-0.04916808719491822,-0.00431816355760131,-0.04484992363731693,-0.377692002837207,0.28382089483100376,0.472
VALIDATION,12:00,FULL_4,5,60,125,0.08632923391914854,0.1448730574607395,-0.05854382354159092,-0.2531723992652628,0.15078393846538107,0.472
VALIDATION,12:00,FULL_4,5,120,125,-0.08949057139862784,-0.00431816355760131,-0.0851724078410265,-0.3514237297757609,0.18810807639996116,0.472
