split,snapshot_time,score_family,top_k,horizon_min,future_winners,selected_events,winners_captured,winner_capture_rate,precision
DEV,09:45,MOMENTUM_ONLY,1,60,2250,449,19,0.008444444444444444,0.042316258351893093
DEV,09:45,MOMENTUM_ONLY,3,60,2250,1349,89,0.03955555555555555,0.06597479614529281
DEV,09:45,MOMENTUM_ONLY,5,60,2250,2249,143,0.06355555555555556,0.06358381502890173
DEV,09:45,MOMENTUM_VOLUME,1,60,2250,441,25,0.011111111111111112,0.05668934240362812
DEV,09:45,MOMENTUM_VOLUME,3,60,2250,1323,93,0.04133333333333333,0.07029478458049887
DEV,09:45,MOMENTUM_VOLUME,5,60,2250,2205,166,0.07377777777777778,0.07528344671201814
DEV,09:45,QUALITY_3,1,60,2250,441,29,0.012888888888888889,0.06575963718820861
DEV,09:45,QUALITY_3,3,60,2250,1323,107,0.04755555555555555,0.08087679516250945
DEV,09:45,QUALITY_3,5,60,2250,2205,168,0.07466666666666667,0.0761904761904762
DEV,09:45,FULL_4,1,60,2250,441,31,0.013777777777777778,0.07029478458049887
DEV,09:45,FULL_4,3,60,2250,1323,98,0.043555555555555556,0.07407407407407407
DEV,09:45,FULL_4,5,60,2250,2205,158,0.07022222222222223,0.07165532879818594
DEV,09:45,MOMENTUM_ONLY,1,120,2250,449,18,0.008,0.0400890868596882
DEV,09:45,MOMENTUM_ONLY,3,120,2250,1349,79,0.035111111111111114,0.05856189770200148
DEV,09:45,MOMENTUM_ONLY,5,120,2250,2249,135,0.06,0.06002667852378835
DEV,09:45,MOMENTUM_VOLUME,1,120,2250,441,28,0.012444444444444444,0.06349206349206349
DEV,09:45,MOMENTUM_VOLUME,3,120,2250,1323,88,0.03911111111111111,0.06651549508692366
DEV,09:45,MOMENTUM_VOLUME,5,120,2250,2205,162,0.072,0.07346938775510205
DEV,09:45,QUALITY_3,1,120,2250,441,27,0.012,0.061224489795918366
DEV,09:45,QUALITY_3,3,120,2250,1323,97,0.043111111111111114,0.07331821617535904
DEV,09:45,QUALITY_3,5,120,2250,2205,161,0.07155555555555555,0.07301587301587302
DEV,09:45,FULL_4,1,120,2250,441,38,0.016888888888888887,0.08616780045351474
DEV,09:45,FULL_4,3,120,2250,1323,98,0.043555555555555556,0.07407407407407407
DEV,09:45,FULL_4,5,120,2250,2205,160,0.07111111111111111,0.07256235827664399
DEV,10:00,MOMENTUM_ONLY,1,60,2240,446,22,0.009821428571428571,0.04932735426008968
DEV,10:00,MOMENTUM_ONLY,3,60,2240,1342,87,0.038839285714285715,0.06482861400894188
DEV,10:00,MOMENTUM_ONLY,5,60,2240,2238,141,0.06294642857142857,0.06300268096514745
DEV,10:00,MOMENTUM_VOLUME,1,60,2240,439,34,0.015178571428571428,0.0774487471526196
DEV,10:00,MOMENTUM_VOLUME,3,60,2240,1317,101,0.045089285714285714,0.07668944570994685
DEV,10:00,MOMENTUM_VOLUME,5,60,2240,2195,158,0.07053571428571428,0.07198177676537586
DEV,10:00,QUALITY_3,1,60,2240,439,28,0.0125,0.06378132118451026
DEV,10:00,QUALITY_3,3,60,2240,1317,98,0.04375,0.07441154138192863
DEV,10:00,QUALITY_3,5,60,2240,2195,164,0.07321428571428572,0.07471526195899772
DEV,10:00,FULL_4,1,60,2240,439,34,0.015178571428571428,0.0774487471526196
DEV,10:00,FULL_4,3,60,2240,1317,101,0.045089285714285714,0.07668944570994685
DEV,10:00,FULL_4,5,60,2240,2195,163,0.07276785714285715,0.07425968109339408
DEV,10:00,MOMENTUM_ONLY,1,120,2240,446,18,0.008035714285714285,0.04035874439461883
DEV,10:00,MOMENTUM_ONLY,3,120,2240,1342,78,0.03482142857142857,0.05812220566318927
DEV,10:00,MOMENTUM_ONLY,5,120,2240,2238,138,0.06160714285714286,0.06166219839142091
DEV,10:00,MOMENTUM_VOLUME,1,120,2240,439,34,0.015178571428571428,0.0774487471526196
DEV,10:00,MOMENTUM_VOLUME,3,120,2240,1317,100,0.044642857142857144,0.07593014426727411
DEV,10:00,MOMENTUM_VOLUME,5,120,2240,2195,159,0.07098214285714285,0.0724373576309795
DEV,10:00,QUALITY_3,1,120,2240,439,26,0.011607142857142858,0.05922551252847381
DEV,10:00,QUALITY_3,3,120,2240,1317,88,0.039285714285714285,0.06681852695520121
DEV,10:00,QUALITY_3,5,120,2240,2195,156,0.06964285714285715,0.07107061503416856
DEV,10:00,FULL_4,1,120,2240,439,26,0.011607142857142858,0.05922551252847381
DEV,10:00,FULL_4,3,120,2240,1317,84,0.0375,0.06378132118451026
DEV,10:00,FULL_4,5,120,2240,2195,142,0.06339285714285714,0.06469248291571754
DEV,10:30,MOMENTUM_ONLY,1,60,2245,447,22,0.009799554565701559,0.049217002237136466
DEV,10:30,MOMENTUM_ONLY,3,60,2245,1344,68,0.030289532293986638,0.050595238095238096
DEV,10:30,MOMENTUM_ONLY,5,60,2245,2242,126,0.05612472160356347,0.056199821587867974
DEV,10:30,MOMENTUM_VOLUME,1,60,2245,439,21,0.009354120267260579,0.04783599088838269
DEV,10:30,MOMENTUM_VOLUME,3,60,2245,1317,70,0.031180400890868598,0.05315110098709187
DEV,10:30,MOMENTUM_VOLUME,5,60,2245,2195,130,0.05790645879732739,0.05922551252847381
DEV,10:30,QUALITY_3,1,60,2245,439,21,0.009354120267260579,0.04783599088838269
DEV,10:30,QUALITY_3,3,60,2245,1317,79,0.03518930957683741,0.05998481397114654
DEV,10:30,QUALITY_3,5,60,2245,2194,149,0.06636971046770601,0.06791248860528715
DEV,10:30,FULL_4,1,60,2245,439,25,0.011135857461024499,0.05694760820045558
DEV,10:30,FULL_4,3,60,2245,1316,82,0.03652561247216036,0.06231003039513678
DEV,10:30,FULL_4,5,60,2245,2194,148,0.06592427616926504,0.0674567000911577
DEV,10:30,MOMENTUM_ONLY,1,120,2245,447,20,0.008908685968819599,0.0447427293064877
DEV,10:30,MOMENTUM_ONLY,3,120,2245,1344,69,0.030734966592427616,0.05133928571428571
DEV,10:30,MOMENTUM_ONLY,5,120,2245,2242,128,0.057015590200445436,0.057091882247992866
DEV,10:30,MOMENTUM_VOLUME,1,120,2245,439,25,0.011135857461024499,0.05694760820045558
DEV,10:30,MOMENTUM_VOLUME,3,120,2245,1317,79,0.03518930957683741,0.05998481397114654
DEV,10:30,MOMENTUM_VOLUME,5,120,2245,2195,133,0.05924276169265033,0.06059225512528474
DEV,10:30,QUALITY_3,1,120,2245,439,27,0.012026726057906459,0.06150341685649203
DEV,10:30,QUALITY_3,3,120,2245,1317,82,0.03652561247216036,0.06226271829916477
DEV,10:30,QUALITY_3,5,120,2245,2194,133,0.05924276169265033,0.060619872379216046
DEV,10:30,FULL_4,1,120,2245,439,24,0.010690423162583519,0.05466970387243736
DEV,10:30,FULL_4,3,120,2245,1316,86,0.03830734966592428,0.06534954407294832
DEV,10:30,FULL_4,5,120,2245,2194,151,0.06726057906458797,0.06882406563354604
DEV,11:00,MOMENTUM_ONLY,1,60,2245,449,25,0.011135857461024499,0.0556792873051225
DEV,11:00,MOMENTUM_ONLY,3,60,2245,1345,71,0.03162583518930958,0.05278810408921933
DEV,11:00,MOMENTUM_ONLY,5,60,2245,2243,140,0.062360801781737196,0.06241640659830584
DEV,11:00,MOMENTUM_VOLUME,1,60,2245,439,27,0.012026726057906459,0.06150341685649203
DEV,11:00,MOMENTUM_VOLUME,3,60,2245,1317,92,0.040979955456570155,0.06985573272589218
DEV,11:00,MOMENTUM_VOLUME,5,60,2245,2195,161,0.07171492204899778,0.07334851936218678
DEV,11:00,QUALITY_3,1,60,2245,439,32,0.014253897550111359,0.07289293849658314
DEV,11:00,QUALITY_3,3,60,2245,1317,94,0.04187082405345212,0.07137433561123765
DEV,11:00,QUALITY_3,5,60,2245,2195,159,0.07082405345211581,0.0724373576309795
DEV,11:00,FULL_4,1,60,2245,439,32,0.014253897550111359,0.07289293849658314
DEV,11:00,FULL_4,3,60,2245,1316,89,0.03964365256124722,0.067629179331307
DEV,11:00,FULL_4,5,60,2245,2194,151,0.06726057906458797,0.06882406563354604
DEV,11:00,MOMENTUM_ONLY,1,120,2245,449,20,0.008908685968819599,0.044543429844097995
DEV,11:00,MOMENTUM_ONLY,3,120,2245,1345,70,0.031180400890868598,0.05204460966542751
DEV,11:00,MOMENTUM_ONLY,5,120,2245,2243,129,0.05746102449888642,0.05751226036558181
DEV,11:00,MOMENTUM_VOLUME,1,120,2245,439,22,0.009799554565701559,0.05011389521640091
DEV,11:00,MOMENTUM_VOLUME,3,120,2245,1317,81,0.03608017817371938,0.06150341685649203
DEV,11:00,MOMENTUM_VOLUME,5,120,2245,2195,151,0.06726057906458797,0.06879271070615034
DEV,11:00,QUALITY_3,1,120,2245,439,23,0.010244988864142539,0.05239179954441914
DEV,11:00,QUALITY_3,3,120,2245,1317,79,0.03518930957683741,0.05998481397114654
DEV,11:00,QUALITY_3,5,120,2245,2195,144,0.06414253897550111,0.06560364464692484
DEV,11:00,FULL_4,1,120,2245,439,35,0.015590200445434299,0.07972665148063782
DEV,11:00,FULL_4,3,120,2245,1316,94,0.04187082405345212,0.07142857142857142
DEV,11:00,FULL_4,5,120,2245,2194,140,0.062360801781737196,0.06381039197812215
DEV,12:00,MOMENTUM_ONLY,1,60,2245,447,25,0.011135857461024499,0.05592841163310962
DEV,12:00,MOMENTUM_ONLY,3,60,2245,1344,85,0.0378619153674833,0.06324404761904762
DEV,12:00,MOMENTUM_ONLY,5,60,2245,2241,145,0.0645879732739421,0.06470325747434182
DEV,12:00,MOMENTUM_VOLUME,1,60,2245,439,31,0.013808463251670379,0.07061503416856492
DEV,12:00,MOMENTUM_VOLUME,3,60,2245,1317,95,0.042316258351893093,0.0721336370539104
DEV,12:00,MOMENTUM_VOLUME,5,60,2245,2195,141,0.06280623608017817,0.0642369020501139
DEV,12:00,QUALITY_3,1,60,2245,439,35,0.015590200445434299,0.07972665148063782
DEV,12:00,QUALITY_3,3,60,2245,1317,90,0.0400890868596882,0.0683371298405467
DEV,12:00,QUALITY_3,5,60,2245,2195,149,0.06636971046770601,0.06788154897494306
DEV,12:00,FULL_4,1,60,2245,439,36,0.016035634743875277,0.08200455580865604
DEV,12:00,FULL_4,3,60,2245,1316,93,0.04142538975501114,0.07066869300911854
DEV,12:00,FULL_4,5,60,2245,2194,149,0.06636971046770601,0.06791248860528715
DEV,12:00,MOMENTUM_ONLY,1,120,2245,447,35,0.015590200445434299,0.07829977628635347
DEV,12:00,MOMENTUM_ONLY,3,120,2245,1344,87,0.03875278396436525,0.06473214285714286
DEV,12:00,MOMENTUM_ONLY,5,120,2245,2241,149,0.06636971046770601,0.06648817492190987
DEV,12:00,MOMENTUM_VOLUME,1,120,2245,439,39,0.01737193763919822,0.0888382687927107
DEV,12:00,MOMENTUM_VOLUME,3,120,2245,1317,94,0.04187082405345212,0.07137433561123765
DEV,12:00,MOMENTUM_VOLUME,5,120,2245,2195,137,0.06102449888641425,0.06241457858769932
DEV,12:00,QUALITY_3,1,120,2245,439,41,0.01826280623608018,0.09339407744874716
DEV,12:00,QUALITY_3,3,120,2245,1317,85,0.0378619153674833,0.06454062262718299
DEV,12:00,QUALITY_3,5,120,2245,2195,144,0.06414253897550111,0.06560364464692484
DEV,12:00,FULL_4,1,120,2245,439,37,0.01648106904231626,0.08428246013667426
DEV,12:00,FULL_4,3,120,2245,1316,92,0.040979955456570155,0.06990881458966565
DEV,12:00,FULL_4,5,120,2245,2194,141,0.06280623608017817,0.06426618049225159
VALIDATION,09:45,MOMENTUM_ONLY,1,60,659,125,6,0.009104704097116844,0.048
VALIDATION,09:45,MOMENTUM_ONLY,3,60,659,375,22,0.03338391502276176,0.058666666666666666
VALIDATION,09:45,MOMENTUM_ONLY,5,60,659,625,36,0.054628224582701064,0.0576
VALIDATION,09:45,MOMENTUM_VOLUME,1,60,659,125,6,0.009104704097116844,0.048
VALIDATION,09:45,MOMENTUM_VOLUME,3,60,659,375,23,0.03490136570561457,0.06133333333333333
VALIDATION,09:45,MOMENTUM_VOLUME,5,60,659,625,46,0.06980273141122914,0.0736
VALIDATION,09:45,QUALITY_3,1,60,659,125,7,0.010622154779969651,0.056
VALIDATION,09:45,QUALITY_3,3,60,659,375,25,0.03793626707132018,0.06666666666666667
VALIDATION,09:45,QUALITY_3,5,60,659,625,44,0.06676783004552352,0.0704
VALIDATION,09:45,FULL_4,1,60,659,125,8,0.012139605462822459,0.064
VALIDATION,09:45,FULL_4,3,60,659,375,28,0.042488619119878605,0.07466666666666667
VALIDATION,09:45,FULL_4,5,60,659,625,47,0.07132018209408195,0.0752
VALIDATION,09:45,MOMENTUM_ONLY,1,120,659,125,7,0.010622154779969651,0.056
VALIDATION,09:45,MOMENTUM_ONLY,3,120,659,375,24,0.036418816388467376,0.064
VALIDATION,09:45,MOMENTUM_ONLY,5,120,659,625,38,0.057663125948406675,0.0608
VALIDATION,09:45,MOMENTUM_VOLUME,1,120,659,125,6,0.009104704097116844,0.048
VALIDATION,09:45,MOMENTUM_VOLUME,3,120,659,375,19,0.028831562974203338,0.050666666666666665
VALIDATION,09:45,MOMENTUM_VOLUME,5,120,659,625,38,0.057663125948406675,0.0608
VALIDATION,09:45,QUALITY_3,1,120,659,125,7,0.010622154779969651,0.056
VALIDATION,09:45,QUALITY_3,3,120,659,375,21,0.03186646433990895,0.056
VALIDATION,09:45,QUALITY_3,5,120,659,625,41,0.0622154779969651,0.0656
VALIDATION,09:45,FULL_4,1,120,659,125,4,0.006069802731411229,0.032
VALIDATION,09:45,FULL_4,3,120,659,375,24,0.036418816388467376,0.064
VALIDATION,09:45,FULL_4,5,120,659,625,48,0.07283763277693475,0.0768
VALIDATION,10:00,MOMENTUM_ONLY,1,60,659,124,3,0.004552352048558422,0.024193548387096774
VALIDATION,10:00,MOMENTUM_ONLY,3,60,659,374,23,0.03490136570561457,0.06149732620320856
VALIDATION,10:00,MOMENTUM_ONLY,5,60,659,624,36,0.054628224582701064,0.057692307692307696
VALIDATION,10:00,MOMENTUM_VOLUME,1,60,659,125,7,0.010622154779969651,0.056
VALIDATION,10:00,MOMENTUM_VOLUME,3,60,659,375,31,0.04704097116843703,0.08266666666666667
VALIDATION,10:00,MOMENTUM_VOLUME,5,60,659,625,45,0.06828528072837632,0.072
VALIDATION,10:00,QUALITY_3,1,60,659,125,11,0.01669195751138088,0.088
VALIDATION,10:00,QUALITY_3,3,60,659,375,25,0.03793626707132018,0.06666666666666667
VALIDATION,10:00,QUALITY_3,5,60,659,625,44,0.06676783004552352,0.0704
VALIDATION,10:00,FULL_4,1,60,659,125,7,0.010622154779969651,0.056
VALIDATION,10:00,FULL_4,3,60,659,375,28,0.042488619119878605,0.07466666666666667
VALIDATION,10:00,FULL_4,5,60,659,625,42,0.0637329286798179,0.0672
VALIDATION,10:00,MOMENTUM_ONLY,1,120,659,124,3,0.004552352048558422,0.024193548387096774
VALIDATION,10:00,MOMENTUM_ONLY,3,120,659,374,25,0.03793626707132018,0.06684491978609626
VALIDATION,10:00,MOMENTUM_ONLY,5,120,659,624,42,0.0637329286798179,0.0673076923076923
VALIDATION,10:00,MOMENTUM_VOLUME,1,120,659,125,5,0.007587253414264037,0.04
VALIDATION,10:00,MOMENTUM_VOLUME,3,120,659,375,22,0.03338391502276176,0.058666666666666666
VALIDATION,10:00,MOMENTUM_VOLUME,5,120,659,625,39,0.05918057663125948,0.0624
VALIDATION,10:00,QUALITY_3,1,120,659,125,7,0.010622154779969651,0.056
VALIDATION,10:00,QUALITY_3,3,120,659,375,24,0.036418816388467376,0.064
VALIDATION,10:00,QUALITY_3,5,120,659,625,41,0.0622154779969651,0.0656
VALIDATION,10:00,FULL_4,1,120,659,125,5,0.007587253414264037,0.04
VALIDATION,10:00,FULL_4,3,120,659,375,24,0.036418816388467376,0.064
VALIDATION,10:00,FULL_4,5,120,659,625,42,0.0637329286798179,0.0672
VALIDATION,10:30,MOMENTUM_ONLY,1,60,659,124,7,0.010622154779969651,0.056451612903225805
VALIDATION,10:30,MOMENTUM_ONLY,3,60,659,374,23,0.03490136570561457,0.06149732620320856
VALIDATION,10:30,MOMENTUM_ONLY,5,60,659,624,33,0.05007587253414264,0.052884615384615384
VALIDATION,10:30,MOMENTUM_VOLUME,1,60,659,125,9,0.013657056145675266,0.072
VALIDATION,10:30,MOMENTUM_VOLUME,3,60,659,375,21,0.03186646433990895,0.056
VALIDATION,10:30,MOMENTUM_VOLUME,5,60,659,625,36,0.054628224582701064,0.0576
VALIDATION,10:30,QUALITY_3,1,60,659,125,9,0.013657056145675266,0.072
VALIDATION,10:30,QUALITY_3,3,60,659,375,26,0.03945371775417299,0.06933333333333333
VALIDATION,10:30,QUALITY_3,5,60,659,625,37,0.05614567526555387,0.0592
VALIDATION,10:30,FULL_4,1,60,659,125,4,0.006069802731411229,0.032
VALIDATION,10:30,FULL_4,3,60,659,375,29,0.04400606980273141,0.07733333333333334
VALIDATION,10:30,FULL_4,5,60,659,625,43,0.06525037936267071,0.0688
VALIDATION,10:30,MOMENTUM_ONLY,1,120,659,124,5,0.007587253414264037,0.04032258064516129
VALIDATION,10:30,MOMENTUM_ONLY,3,120,659,374,18,0.027314112291350532,0.0481283422459893
VALIDATION,10:30,MOMENTUM_ONLY,5,120,659,624,32,0.048558421851289835,0.05128205128205128
VALIDATION,10:30,MOMENTUM_VOLUME,1,120,659,125,8,0.012139605462822459,0.064
VALIDATION,10:30,MOMENTUM_VOLUME,3,120,659,375,20,0.030349013657056147,0.05333333333333334
VALIDATION,10:30,MOMENTUM_VOLUME,5,120,659,625,38,0.057663125948406675,0.0608
VALIDATION,10:30,QUALITY_3,1,120,659,125,8,0.012139605462822459,0.064
VALIDATION,10:30,QUALITY_3,3,120,659,375,26,0.03945371775417299,0.06933333333333333
VALIDATION,10:30,QUALITY_3,5,120,659,625,37,0.05614567526555387,0.0592
VALIDATION,10:30,FULL_4,1,120,659,125,6,0.009104704097116844,0.048
VALIDATION,10:30,FULL_4,3,120,659,375,28,0.042488619119878605,0.07466666666666667
VALIDATION,10:30,FULL_4,5,120,659,625,37,0.05614567526555387,0.0592
VALIDATION,11:00,MOMENTUM_ONLY,1,60,660,125,8,0.012121212121212121,0.064
VALIDATION,11:00,MOMENTUM_ONLY,3,60,660,375,20,0.030303030303030304,0.05333333333333334
VALIDATION,11:00,MOMENTUM_ONLY,5,60,660,625,33,0.05,0.0528
VALIDATION,11:00,MOMENTUM_VOLUME,1,60,660,125,10,0.015151515151515152,0.08
VALIDATION,11:00,MOMENTUM_VOLUME,3,60,660,375,26,0.03939393939393939,0.06933333333333333
VALIDATION,11:00,MOMENTUM_VOLUME,5,60,660,625,44,0.06666666666666667,0.0704
VALIDATION,11:00,QUALITY_3,1,60,660,125,8,0.012121212121212121,0.064
VALIDATION,11:00,QUALITY_3,3,60,660,375,20,0.030303030303030304,0.05333333333333334
VALIDATION,11:00,QUALITY_3,5,60,660,625,40,0.06060606060606061,0.064
VALIDATION,11:00,FULL_4,1,60,660,125,13,0.019696969696969695,0.104
VALIDATION,11:00,FULL_4,3,60,660,375,33,0.05,0.088
VALIDATION,11:00,FULL_4,5,60,660,625,49,0.07424242424242425,0.0784
VALIDATION,11:00,MOMENTUM_ONLY,1,120,660,125,9,0.013636363636363636,0.072
VALIDATION,11:00,MOMENTUM_ONLY,3,120,660,375,22,0.03333333333333333,0.058666666666666666
VALIDATION,11:00,MOMENTUM_ONLY,5,120,660,625,32,0.048484848484848485,0.0512
VALIDATION,11:00,MOMENTUM_VOLUME,1,120,660,125,9,0.013636363636363636,0.072
VALIDATION,11:00,MOMENTUM_VOLUME,3,120,660,375,26,0.03939393939393939,0.06933333333333333
VALIDATION,11:00,MOMENTUM_VOLUME,5,120,660,625,41,0.06212121212121212,0.0656
VALIDATION,11:00,QUALITY_3,1,120,660,125,8,0.012121212121212121,0.064
VALIDATION,11:00,QUALITY_3,3,120,660,375,20,0.030303030303030304,0.05333333333333334
VALIDATION,11:00,QUALITY_3,5,120,660,625,40,0.06060606060606061,0.064
VALIDATION,11:00,FULL_4,1,120,660,125,14,0.021212121212121213,0.112
VALIDATION,11:00,FULL_4,3,120,660,375,30,0.045454545454545456,0.08
VALIDATION,11:00,FULL_4,5,120,660,625,43,0.06515151515151515,0.0688
VALIDATION,12:00,MOMENTUM_ONLY,1,60,660,125,5,0.007575757575757576,0.04
VALIDATION,12:00,MOMENTUM_ONLY,3,60,660,375,18,0.02727272727272727,0.048
VALIDATION,12:00,MOMENTUM_ONLY,5,60,660,625,34,0.051515151515151514,0.0544
VALIDATION,12:00,MOMENTUM_VOLUME,1,60,660,125,9,0.013636363636363636,0.072
VALIDATION,12:00,MOMENTUM_VOLUME,3,60,660,375,22,0.03333333333333333,0.058666666666666666
VALIDATION,12:00,MOMENTUM_VOLUME,5,60,660,625,39,0.05909090909090909,0.0624
VALIDATION,12:00,QUALITY_3,1,60,660,125,9,0.013636363636363636,0.072
VALIDATION,12:00,QUALITY_3,3,60,660,375,21,0.031818181818181815,0.056
VALIDATION,12:00,QUALITY_3,5,60,660,625,39,0.05909090909090909,0.0624
VALIDATION,12:00,FULL_4,1,60,660,125,11,0.016666666666666666,0.088
VALIDATION,12:00,FULL_4,3,60,660,375,29,0.04393939393939394,0.07733333333333334
VALIDATION,12:00,FULL_4,5,60,660,625,41,0.06212121212121212,0.0656
VALIDATION,12:00,MOMENTUM_ONLY,1,120,660,125,3,0.004545454545454545,0.024
VALIDATION,12:00,MOMENTUM_ONLY,3,120,660,375,17,0.025757575757575757,0.04533333333333334
VALIDATION,12:00,MOMENTUM_ONLY,5,120,660,625,34,0.051515151515151514,0.0544
VALIDATION,12:00,MOMENTUM_VOLUME,1,120,660,125,9,0.013636363636363636,0.072
VALIDATION,12:00,MOMENTUM_VOLUME,3,120,660,375,17,0.025757575757575757,0.04533333333333334
VALIDATION,12:00,MOMENTUM_VOLUME,5,120,660,625,30,0.045454545454545456,0.048
VALIDATION,12:00,QUALITY_3,1,120,660,125,7,0.010606060606060607,0.056
VALIDATION,12:00,QUALITY_3,3,120,660,375,14,0.021212121212121213,0.037333333333333336
VALIDATION,12:00,QUALITY_3,5,120,660,625,29,0.04393939393939394,0.0464
VALIDATION,12:00,FULL_4,1,120,660,125,8,0.012121212121212121,0.064
VALIDATION,12:00,FULL_4,3,120,660,375,24,0.03636363636363636,0.064
VALIDATION,12:00,FULL_4,5,120,660,625,35,0.05303030303030303,0.056
