split,snapshot_time,cohort,events,sessions,avg_excess_vs_median_pct,avg_rvol,above_vwap_rate,horizon_min,avg_fwd_atr,median_fwd_atr,positive_rate,ci_low,ci_high
DEV,09:45,PERSIST_1,4498,450,1.8380628419595368,2.4047834541555324,0.8506002667852379,30,-0.04567177752656904,-0.10741758241760786,0.4490884837705647,-0.08754687031010137,-0.010428651189657736
DEV,09:45,PERSIST_1,4498,450,1.8380628419595368,2.4047834541555324,0.8506002667852379,60,-0.051009836991717676,-0.12832004736542776,0.456425077812361,-0.09591736176199095,-0.0021725315826866833
DEV,09:45,PERSIST_1,4498,450,1.8380628419595368,2.4047834541555324,0.8506002667852379,120,-0.038776205871349945,-0.17222835095264233,0.4573143619386394,-0.1081537619226655,0.03104317825256778
DEV,09:45,PERSIST_1_CONFIRMED,1845,435,2.191732568954459,4.192314511015516,1.0,30,-0.04365897936783004,-0.12473118279570267,0.44769647696476966,-0.10877395923946984,0.011436004512993802
DEV,09:45,PERSIST_1_CONFIRMED,1845,435,2.191732568954459,4.192314511015516,1.0,60,-0.04707734099855358,-0.17919999999998854,0.44769647696476966,-0.12879943144375033,0.04167632847649443
DEV,09:45,PERSIST_1_CONFIRMED,1845,435,2.191732568954459,4.192314511015516,1.0,120,-0.0075030428607365295,-0.19817997977756488,0.45691056910569106,-0.10695240256726209,0.10318842742166971
DEV,10:00,PERSIST_1,4477,448,1.9575822865272408,2.3327729627843254,0.8483359392450301,30,-0.03412584498078395,-0.07852564102564658,0.4594594594594595,-0.06405025279007849,-0.0024152878357935155
DEV,10:00,PERSIST_1,4477,448,1.9575822865272408,2.3327729627843254,0.8483359392450301,60,0.01100930997877207,-0.06760505496764671,0.4690641054277418,-0.03254133889873377,0.057103443376067986
DEV,10:00,PERSIST_1,4477,448,1.9575822865272408,2.3327729627843254,0.8483359392450301,120,-0.0012063972510897882,-0.1153450051493347,0.4668304668304668,-0.05746025082525452,0.05894659462539748
DEV,10:00,PERSIST_1_CONFIRMED,1792,427,2.3348730620263587,4.180176678649619,1.0,30,0.007865295190574202,-0.09473195363806657,0.45870535714285715,-0.04484858722508959,0.06614760192755792
DEV,10:00,PERSIST_1_CONFIRMED,1792,427,2.3348730620263587,4.180176678649619,1.0,60,0.04179815576002888,-0.07423151100089626,0.47377232142857145,-0.03268452137150484,0.11212481150325242
DEV,10:00,PERSIST_1_CONFIRMED,1792,427,2.3348730620263587,4.180176678649619,1.0,120,0.048457836131991554,-0.14666734956497046,0.46261160714285715,-0.038239205634043524,0.1444893582007006
DEV,10:00,PERSIST_2,3460,448,2.109614382838708,2.3383137016187354,0.8251445086705202,30,-0.02891676710609376,-0.06897596742302833,0.4635838150289017,-0.06309528641108811,0.006665977377176598
DEV,10:00,PERSIST_2,3460,448,2.109614382838708,2.3383137016187354,0.8251445086705202,60,0.027647343617626385,-0.04423864717416514,0.47658959537572254,-0.019949284670011003,0.07301528062907257
DEV,10:00,PERSIST_2,3460,448,2.109614382838708,2.3383137016187354,0.8251445086705202,120,0.014200700859009027,-0.09765440125971317,0.47196531791907514,-0.04541256014696407,0.07759634131003976
DEV,10:00,PERSIST_2_CONFIRMED,1325,414,2.5997883908574018,4.258119126197658,1.0,30,-0.00428253940951855,-0.09538228614683229,0.45584905660377356,-0.06488700784829395,0.05375053434758807
DEV,10:00,PERSIST_2_CONFIRMED,1325,414,2.5997883908574018,4.258119126197658,1.0,60,0.038162695631330984,-0.06039689387402935,0.4762264150943396,-0.03898190674341217,0.1233888365227771
DEV,10:00,PERSIST_2_CONFIRMED,1325,414,2.5997883908574018,4.258119126197658,1.0,120,0.042156360547493346,-0.12844036697247005,0.46641509433962264,-0.0669827072619505,0.14554807342677897
DEV,10:30,PERSIST_1,4486,449,2.106922800653821,2.190629346139797,0.8410610789121712,30,0.05591289402467762,0.0,0.49531876950512704,0.018953314114137716,0.0928412202723996
DEV,10:30,PERSIST_1,4486,449,2.106922800653821,2.190629346139797,0.8410610789121712,60,0.08617543001645511,0.0,0.49264378065091396,0.03979467928176033,0.135256376700436
DEV,10:30,PERSIST_1,4486,449,2.106922800653821,2.190629346139797,0.8410610789121712,120,0.06690276694891317,-0.059502022731641804,0.48172090949621044,-0.00023358565211101446,0.1336922613268887
DEV,10:30,PERSIST_1_CONFIRMED,1690,432,2.530136796454932,4.130479296177627,1.0,30,0.07137146476635972,0.0,0.4893491124260355,0.01181760544172455,0.13416913073968714
DEV,10:30,PERSIST_1_CONFIRMED,1690,432,2.530136796454932,4.130479296177627,1.0,60,0.12042653534773999,0.0,0.4976331360946746,0.03354698705564319,0.20842755784727854
DEV,10:30,PERSIST_1_CONFIRMED,1690,432,2.530136796454932,4.130479296177627,1.0,120,0.1453825078183928,-0.010168019614391064,0.4911242603550296,0.029365523355859693,0.2644899959255073
DEV,10:30,PERSIST_2,3323,449,2.2885957245348334,2.165196553926266,0.8089076136021667,30,0.04470912498540356,0.0,0.48841408365934397,0.0025493907357701834,0.08268805972286386
DEV,10:30,PERSIST_2,3323,449,2.2885957245348334,2.165196553926266,0.8089076136021667,60,0.06747739183564391,0.0,0.49172434547096,0.012101265388728554,0.12234122164552984
DEV,10:30,PERSIST_2,3323,449,2.2885957245348334,2.165196553926266,0.8089076136021667,120,0.005548427367256509,-0.09247027741083218,0.4718627746012639,-0.07253939160216313,0.08172378829443074
DEV,10:30,PERSIST_2_CONFIRMED,1180,415,2.850800410317245,4.189968521953257,1.0,30,0.056662270214926445,-0.02362043008753028,0.47966101694915253,-0.015786019345284,0.12835094727075944
DEV,10:30,PERSIST_2_CONFIRMED,1180,415,2.850800410317245,4.189968521953257,1.0,60,0.10134006007462498,0.0,0.49915254237288137,0.010607829992730956,0.20102413182194984
DEV,10:30,PERSIST_2_CONFIRMED,1180,415,2.850800410317245,4.189968521953257,1.0,120,0.07064038414529403,-0.0066469504268486974,0.4906779661016949,-0.046986755077439296,0.19222206212010165
DEV,10:30,PERSIST_3,2767,449,2.378863543666405,2.2075609510695484,0.7889410914347669,30,0.05625979853858471,0.0,0.493314058547163,0.012576583974512594,0.09874561738946479
DEV,10:30,PERSIST_3,2767,449,2.378863543666405,2.2075609510695484,0.7889410914347669,60,0.08431434530074468,0.0,0.49475966750993855,0.02778731318734193,0.14123530203832516
DEV,10:30,PERSIST_3,2767,449,2.378863543666405,2.2075609510695484,0.7889410914347669,120,0.03335502767926788,-0.07276507276507238,0.4781351644380195,-0.04853595161892246,0.1142878320151114
DEV,10:30,PERSIST_3_CONFIRMED,964,393,3.007795078560051,4.306625917129636,1.0,30,0.07247729749050957,-0.0031688546853751026,0.483402489626556,-0.0019941409830056176,0.14970006928406734
DEV,10:30,PERSIST_3_CONFIRMED,964,393,3.007795078560051,4.306625917129636,1.0,60,0.122395109540845,0.037154524504203895,0.5072614107883817,0.021246484283416297,0.22697922916378527
DEV,10:30,PERSIST_3_CONFIRMED,964,393,3.007795078560051,4.306625917129636,1.0,120,0.11131198854651432,0.027105438769383733,0.5072614107883817,-0.022824394275542333,0.24963229073438295
DEV,11:00,PERSIST_1,4487,449,2.266647074794353,2.2394653057336367,0.8564742589703588,30,0.03945867779598813,0.0,0.48473367506128817,-0.0010497014875000645,0.0843105651030139
DEV,11:00,PERSIST_1,4487,449,2.266647074794353,2.2394653057336367,0.8564742589703588,60,0.02596517757065605,-0.06635071090048823,0.4731446400713171,-0.0314984287105286,0.08553176582890899
DEV,11:00,PERSIST_1,4487,449,2.266647074794353,2.2394653057336367,0.8564742589703588,120,0.02017438287506351,-0.11986301369862995,0.4682415868063294,-0.06307338041478242,0.10119016100743901
DEV,11:00,PERSIST_1_CONFIRMED,1646,425,2.726575713901863,4.331929127189598,1.0,30,0.09373077974385952,0.0,0.48724179829890646,0.0212314199847704,0.168762453052447
DEV,11:00,PERSIST_1_CONFIRMED,1646,425,2.726575713901863,4.331929127189598,1.0,60,0.12116486394557305,-0.026269038922744833,0.48724179829890646,0.024179910483484623,0.2192979163792893
DEV,11:00,PERSIST_1_CONFIRMED,1646,425,2.726575713901863,4.331929127189598,1.0,120,0.1200862503225815,-0.10016624040921443,0.4756986634264885,-0.00946855831590662,0.26226021904997837
DEV,11:00,PERSIST_2,3488,449,2.4326820317255553,2.196742452582184,0.8348623853211009,30,0.03363774747653784,0.0,0.48480504587155965,-0.014459613063025468,0.07978394657016775
DEV,11:00,PERSIST_2,3488,449,2.4326820317255553,2.196742452582184,0.8348623853211009,60,0.006562194753793653,-0.07134862933314733,0.47219036697247707,-0.059837812266887364,0.07195482744130474
DEV,11:00,PERSIST_2,3488,449,2.4326820317255553,2.196742452582184,0.8348623853211009,120,0.008976538124638762,-0.11103293207090709,0.4693233944954128,-0.08240156687828303,0.09533545445785405
DEV,11:00,PERSIST_2_CONFIRMED,1219,405,3.021662085883366,4.336632198246598,1.0,30,0.08768129604791283,-0.011764705882342331,0.48400328137817883,-0.002081463560930329,0.17102322123774483
DEV,11:00,PERSIST_2_CONFIRMED,1219,405,3.021662085883366,4.336632198246598,1.0,60,0.09280797015026103,0.0,0.49548810500410173,-0.014741363185073719,0.2161556257304711
DEV,11:00,PERSIST_2_CONFIRMED,1219,405,3.021662085883366,4.336632198246598,1.0,120,0.11159303344757,-0.02991452991453667,0.48236259228876127,-0.030756822067145237,0.2537593745036009
DEV,11:00,PERSIST_3,2754,449,2.571044613941546,2.2602575560604206,0.8057371096586783,30,0.0254731388303539,-0.02009688961450362,0.47893972403776325,-0.023823863721062724,0.07391031370530472
DEV,11:00,PERSIST_3,2754,449,2.571044613941546,2.2602575560604206,0.8057371096586783,60,-0.03836778282230205,-0.10124728576478009,0.46042120551924476,-0.11115600066228014,0.03748105280702565
DEV,11:00,PERSIST_3,2754,449,2.571044613941546,2.2602575560604206,0.8057371096586783,120,-0.05143245523516868,-0.1685186629961003,0.45751633986928103,-0.14950774970236766,0.04757762340308613
DEV,11:00,PERSIST_3_CONFIRMED,953,384,3.2239567235316224,4.458819622827383,1.0,30,0.08272275802789232,-0.036382536382536454,0.47639034627492133,-0.012397532772504003,0.1757656986678752
DEV,11:00,PERSIST_3_CONFIRMED,953,384,3.2239567235316224,4.458819622827383,1.0,60,0.04117030179725864,-0.050761421319797,0.4774396642182581,-0.0880041858487721,0.17536805402162534
DEV,11:00,PERSIST_3_CONFIRMED,953,384,3.2239567235316224,4.458819622827383,1.0,120,0.02283038896789881,-0.18421052631578946,0.46065057712486884,-0.1423123662734,0.19573241225328158
DEV,12:00,PERSIST_1,4486,449,2.454262707190046,2.1406982053666535,0.8515381185911726,30,0.017772349379038533,-0.04852700884275835,0.47280427998216673,-0.027861973666678017,0.06782998496555345
DEV,12:00,PERSIST_1,4486,449,2.454262707190046,2.1406982053666535,0.8515381185911726,60,0.0043327745026084516,-0.10145164301720141,0.46633972358448506,-0.06535724108012295,0.07593873872551146
DEV,12:00,PERSIST_1,4486,449,2.454262707190046,2.1406982053666535,0.8515381185911726,120,0.0816256857742451,-0.039405439595201916,0.48662505572893444,-0.010061707261936394,0.17455655909735393
DEV,12:00,PERSIST_1_CONFIRMED,1559,427,2.9580401186024945,4.314118312583845,1.0,30,0.10473545726614764,-0.04861111111112224,0.47273893521488136,0.013522287878950365,0.19240995766812508
DEV,12:00,PERSIST_1_CONFIRMED,1559,427,2.9580401186024945,4.314118312583845,1.0,60,0.1275555745409412,-0.06436781609196798,0.4759461193072482,0.009455045153207844,0.24941885434801145
DEV,12:00,PERSIST_1_CONFIRMED,1559,427,2.9580401186024945,4.314118312583845,1.0,120,0.1720227177370406,0.0,0.4939063502245029,0.018354497734423877,0.3325134838636161
DEV,12:00,PERSIST_2,3376,449,2.6578807220536285,2.113007752402391,0.8237559241706162,30,0.014019841655392365,-0.051433082341522246,0.46919431279620855,-0.03848674935066863,0.07001718797339473
DEV,12:00,PERSIST_2,3376,449,2.6578807220536285,2.113007752402391,0.8237559241706162,60,-0.0010431075811573084,-0.09460431244078171,0.46800947867298576,-0.07874294345997485,0.07136285244133105
DEV,12:00,PERSIST_2,3376,449,2.6578807220536285,2.113007752402391,0.8237559241706162,120,0.08178574668363278,-0.0558184686324516,0.4834123222748815,-0.018582850763440753,0.19685688777223603
DEV,12:00,PERSIST_2_CONFIRMED,1108,404,3.32822658393427,4.3689089040587605,1.0,30,0.11154559358761887,-0.03755526790195263,0.47382671480144406,0.016851994484273547,0.211726074492002
DEV,12:00,PERSIST_2_CONFIRMED,1108,404,3.32822658393427,4.3689089040587605,1.0,60,0.10453753728213563,-0.03465811715183577,0.48194945848375453,-0.020010145990098642,0.23764573211859208
DEV,12:00,PERSIST_2_CONFIRMED,1108,404,3.32822658393427,4.3689089040587605,1.0,120,0.15777855171339403,0.0,0.4936823104693141,-0.010446126702339556,0.3410903429815926
DEV,12:00,PERSIST_3,2802,449,2.757811375218386,2.051528177129209,0.7987152034261242,30,0.010941428609982644,-0.05032665550249694,0.46823697359029265,-0.04740428866399679,0.07364315123050026
DEV,12:00,PERSIST_3,2802,449,2.757811375218386,2.051528177129209,0.7987152034261242,60,0.014601392468102669,-0.06170216072163917,0.4739471805852962,-0.06657407908694285,0.09931970166360629
DEV,12:00,PERSIST_3,2802,449,2.757811375218386,2.051528177129209,0.7987152034261242,120,0.09277173302850768,-0.03466387198400416,0.4860813704496788,-0.02270292026643503,0.21215097327138582
DEV,12:00,PERSIST_3_CONFIRMED,899,378,3.4857834831150583,4.203243750350272,1.0,30,0.1257525593116339,-0.0313901345291195,0.4771968854282536,0.022934947157686292,0.2276990421408623
DEV,12:00,PERSIST_3_CONFIRMED,899,378,3.4857834831150583,4.203243750350272,1.0,60,0.1457931859204512,0.0,0.4938820912124583,-0.0036931077200729598,0.3133160352418336
DEV,12:00,PERSIST_3_CONFIRMED,899,378,3.4857834831150583,4.203243750350272,1.0,120,0.2111830312388729,0.0,0.4994438264738598,0.01537898535125773,0.4159307179493662
VALIDATION,09:45,PERSIST_1,1284,125,1.355679360869624,2.41412626911458,0.8629283489096573,30,-0.005968956534777421,-0.07022741353664283,0.4649532710280374,-0.08301502140240576,0.07055184836430925
VALIDATION,09:45,PERSIST_1,1284,125,1.355679360869624,2.41412626911458,0.8629283489096573,60,-0.02774707680752567,-0.16410718827309634,0.45716510903426794,-0.11609134240957991,0.07288735454472865
VALIDATION,09:45,PERSIST_1,1284,125,1.355679360869624,2.41412626911458,0.8629283489096573,120,-0.04048230558614193,-0.1536682858908463,0.45404984423676015,-0.15740489038496555,0.08389369127190625
VALIDATION,09:45,PERSIST_1_CONFIRMED,519,123,1.6071282263054947,4.375782020302036,1.0,30,-0.015621159718350068,-0.07756232686984547,0.4605009633911368,-0.13439276115130372,0.1035340115752004
VALIDATION,09:45,PERSIST_1_CONFIRMED,519,123,1.6071282263054947,4.375782020302036,1.0,60,-0.048069213915856744,-0.20648967551622363,0.4527938342967245,-0.19985501413403353,0.10692774524164197
VALIDATION,09:45,PERSIST_1_CONFIRMED,519,123,1.6071282263054947,4.375782020302036,1.0,120,-0.057641602243657955,-0.28760768721006424,0.4258188824662813,-0.24401796004846404,0.14820411679884365
VALIDATION,10:00,PERSIST_1,1283,125,1.4356625508827332,2.2208434049385786,0.8441153546375681,30,0.05447384060583619,-0.013793103448275862,0.48402182385035075,-0.01671403317419349,0.1198633514141491
VALIDATION,10:00,PERSIST_1,1283,125,1.4356625508827332,2.2208434049385786,0.8441153546375681,60,0.05608359554043584,-0.10389610389612691,0.47388932190179267,-0.031103114993622068,0.14311816699157862
VALIDATION,10:00,PERSIST_1,1283,125,1.4356625508827332,2.2208434049385786,0.8441153546375681,120,0.0776197776730895,-0.0797720797720976,0.4715510522213562,-0.03695482119218412,0.18293110350253025
VALIDATION,10:00,PERSIST_1_CONFIRMED,499,123,1.738540912667568,4.146351501709623,1.0,30,0.13154278765540478,0.03104212860312006,0.5070140280561122,0.012866120457353115,0.24960657102985365
VALIDATION,10:00,PERSIST_1_CONFIRMED,499,123,1.738540912667568,4.146351501709623,1.0,60,0.0851027280033869,-0.1070063694267516,0.47695390781563124,-0.05515995453606602,0.22570555403366013
VALIDATION,10:00,PERSIST_1_CONFIRMED,499,123,1.738540912667568,4.146351501709623,1.0,120,0.15823474931221176,-0.07409040793826065,0.4789579158316633,-0.020822749499450545,0.33967570230643057
VALIDATION,10:00,PERSIST_2,1006,125,1.5272014952036133,2.248487747043333,0.8170974155069582,30,0.0394117498178174,-0.024888908554176623,0.47713717693836977,-0.03512740957851382,0.11023572318564703
VALIDATION,10:00,PERSIST_2,1006,125,1.5272014952036133,2.248487747043333,0.8170974155069582,60,0.024201597251092,-0.10492634269035955,0.4701789264413519,-0.06935242220585171,0.1291716583467692
VALIDATION,10:00,PERSIST_2,1006,125,1.5272014952036133,2.248487747043333,0.8170974155069582,120,0.041804396692986585,-0.10591338687145685,0.4602385685884692,-0.08898445219397268,0.17010507053080132
VALIDATION,10:00,PERSIST_2_CONFIRMED,375,120,1.9030750709037263,4.29623513354093,1.0,30,0.11948112574043167,0.03163841807910332,0.5066666666666667,-0.0055511992045289464,0.263599521943471
VALIDATION,10:00,PERSIST_2_CONFIRMED,375,120,1.9030750709037263,4.29623513354093,1.0,60,0.041833414191426034,-0.1284403669724697,0.47733333333333333,-0.12071634474793058,0.21898646872273256
VALIDATION,10:00,PERSIST_2_CONFIRMED,375,120,1.9030750709037263,4.29623513354093,1.0,120,0.13273511864219903,-0.0820793433652531,0.4666666666666667,-0.05305594674933322,0.3475367273740213
VALIDATION,10:30,PERSIST_1,1284,125,1.5773088061014156,2.1012659761133126,0.8644859813084113,30,0.023086533491705762,0.0030068728522446016,0.5,-0.04434231370233205,0.09642632237294162
VALIDATION,10:30,PERSIST_1,1284,125,1.5773088061014156,2.1012659761133126,0.8644859813084113,60,0.01188555151558494,-0.04765524440796885,0.47741433021806856,-0.0872620104046283,0.11275452281058736
VALIDATION,10:30,PERSIST_1,1284,125,1.5773088061014156,2.1012659761133126,0.8644859813084113,120,0.10615131315940858,-0.09195427092322792,0.48442367601246106,-0.019079001289242777,0.23154509733733328
VALIDATION,10:30,PERSIST_1_CONFIRMED,475,120,1.9186004232874223,4.119521488670373,1.0,30,0.01774845350984929,-0.03597650513949143,0.4863157894736842,-0.1064994585667779,0.1312025254209464
VALIDATION,10:30,PERSIST_1_CONFIRMED,475,120,1.9186004232874223,4.119521488670373,1.0,60,-0.036107006492383645,-0.12034383954152872,0.4589473684210526,-0.1881314259280885,0.13253910075736697
VALIDATION,10:30,PERSIST_1_CONFIRMED,475,120,1.9186004232874223,4.119521488670373,1.0,120,0.11036104035722398,-0.19557625145518842,0.4631578947368421,-0.1169723720092334,0.3426948051560744
VALIDATION,10:30,PERSIST_2,938,125,1.70592615160536,2.0893386574552872,0.8347547974413646,30,0.013364562079617724,0.0,0.4989339019189765,-0.06750678920452034,0.09086505663330385
VALIDATION,10:30,PERSIST_2,938,125,1.70592615160536,2.0893386574552872,0.8347547974413646,60,0.020881945240256442,-0.03621156901223053,0.47761194029850745,-0.08283981324468924,0.1303578658726264
VALIDATION,10:30,PERSIST_2,938,125,1.70592615160536,2.0893386574552872,0.8347547974413646,120,0.13323028091644973,-0.1356968167321964,0.47654584221748403,-0.005130080152708769,0.28269390914052617
VALIDATION,10:30,PERSIST_2_CONFIRMED,334,117,2.149718325861014,4.1242907767403,1.0,30,0.023892074696511154,-0.07883282623393607,0.47904191616766467,-0.12029182206656734,0.15815430431738295
VALIDATION,10:30,PERSIST_2_CONFIRMED,334,117,2.149718325861014,4.1242907767403,1.0,60,0.021728898784558606,-0.10047846889952353,0.45209580838323354,-0.15874686009872405,0.22003867263107701
VALIDATION,10:30,PERSIST_2_CONFIRMED,334,117,2.149718325861014,4.1242907767403,1.0,120,0.2551079845353581,-0.15498366013070253,0.46407185628742514,0.017039653451302816,0.515247520197724
VALIDATION,10:30,PERSIST_3,774,125,1.7701446137346508,2.122696775425878,0.8126614987080103,30,-0.00017636780725009967,-0.008793969849238192,0.4883720930232558,-0.08600693898451994,0.08946722247086243
VALIDATION,10:30,PERSIST_3,774,125,1.7701446137346508,2.122696775425878,0.8126614987080103,60,0.012419756561452824,-0.03359967750757355,0.48320413436692505,-0.10296404598786975,0.1284354233372187
VALIDATION,10:30,PERSIST_3,774,125,1.7701446137346508,2.122696775425878,0.8126614987080103,120,0.09063689609605559,-0.1665914660579792,0.46770025839793283,-0.05957278330908425,0.2517876694665342
VALIDATION,10:30,PERSIST_3_CONFIRMED,274,113,2.247638363605059,4.201275005742805,1.0,30,-0.0261439378424209,-0.1449394155381224,0.45255474452554745,-0.1779345460469384,0.13291105118227034
VALIDATION,10:30,PERSIST_3_CONFIRMED,274,113,2.247638363605059,4.201275005742805,1.0,60,-0.03175198397981873,-0.19668374185996962,0.44525547445255476,-0.24236409054840555,0.16720499937079722
VALIDATION,10:30,PERSIST_3_CONFIRMED,274,113,2.247638363605059,4.201275005742805,1.0,120,0.164889458740778,-0.22531050688152143,0.43795620437956206,-0.10848083840536744,0.43703944822344476
VALIDATION,11:00,PERSIST_1,1285,125,1.6764816382847492,2.0429326150476004,0.8754863813229572,30,0.01321621310448193,-0.055776892430228105,0.4778210116731518,-0.06800299036216635,0.09279218832817814
VALIDATION,11:00,PERSIST_1,1285,125,1.6764816382847492,2.0429326150476004,0.8754863813229572,60,0.034936733705739464,-0.03733333333338381,0.4848249027237354,-0.075996697313001,0.14830313488615993
VALIDATION,11:00,PERSIST_1,1285,125,1.6764816382847492,2.0429326150476004,0.8754863813229572,120,0.19779735655928535,0.072538860103562,0.5105058365758754,0.04620385097408068,0.34456197751514944
VALIDATION,11:00,PERSIST_1_CONFIRMED,461,120,1.9935718764460681,4.034241584733854,1.0,30,0.04571445198107691,-0.15107913669068207,0.4598698481561822,-0.09234771268780272,0.18198117330700003
VALIDATION,11:00,PERSIST_1_CONFIRMED,461,120,1.9935718764460681,4.034241584733854,1.0,60,0.05267055083385508,-0.0851581508515815,0.4772234273318872,-0.1318027338319736,0.24493733035489898
VALIDATION,11:00,PERSIST_1_CONFIRMED,461,120,1.9935718764460681,4.034241584733854,1.0,120,0.34281430476695796,0.12227074235810592,0.5097613882863341,0.07716691204564428,0.600169641950428
VALIDATION,11:00,PERSIST_2,1023,125,1.7832802854693541,1.9501544075329424,0.8572825024437928,30,0.011071574492211396,-0.056910569105691054,0.4750733137829912,-0.07172874007193349,0.09806089230825195
VALIDATION,11:00,PERSIST_2,1023,125,1.7832802854693541,1.9501544075329424,0.8572825024437928,60,0.02734439001650793,-0.027237354085578532,0.4868035190615836,-0.09536466608030283,0.1487213747751355
VALIDATION,11:00,PERSIST_2,1023,125,1.7832802854693541,1.9501544075329424,0.8572825024437928,120,0.1928418043488305,0.05223880597022149,0.5053763440860215,0.03346272903361374,0.3592157450777228
VALIDATION,11:00,PERSIST_2_CONFIRMED,351,115,2.180051554650485,3.8393196555390485,1.0,30,0.029479133605992757,-0.15384615384615385,0.46153846153846156,-0.14627965697330647,0.20190453227405364
VALIDATION,11:00,PERSIST_2_CONFIRMED,351,115,2.180051554650485,3.8393196555390485,1.0,60,0.03542536287577785,-0.059322033898250505,0.4843304843304843,-0.17136932272600086,0.2512723976840533
VALIDATION,11:00,PERSIST_2_CONFIRMED,351,115,2.180051554650485,3.8393196555390485,1.0,120,0.3037465106553125,0.10670731707317088,0.5042735042735043,-0.011570190373852067,0.582628430635597
VALIDATION,11:00,PERSIST_3,800,125,1.8732621307801793,2.0241814961175395,0.8325,30,0.028154680908643148,-0.05493699955916654,0.475,-0.06323990688219829,0.12871780535170527
VALIDATION,11:00,PERSIST_3,800,125,1.8732621307801793,2.0241814961175395,0.8325,60,0.05910835089359481,0.0,0.49375,-0.06325521703070158,0.18634239720486429
VALIDATION,11:00,PERSIST_3,800,125,1.8732621307801793,2.0241814961175395,0.8325,120,0.1882435724498582,0.0,0.49625,0.0018590291922666803,0.3655854004646523
VALIDATION,11:00,PERSIST_3_CONFIRMED,276,109,2.307112865418165,3.93471272499998,1.0,30,0.07592671478156995,-0.1564644238366656,0.463768115942029,-0.10925708342426746,0.26402568024244694
VALIDATION,11:00,PERSIST_3_CONFIRMED,276,109,2.307112865418165,3.93471272499998,1.0,60,0.1830503273132953,0.09997571999551061,0.5181159420289855,-0.03580264431060146,0.4105764098189066
VALIDATION,11:00,PERSIST_3_CONFIRMED,276,109,2.307112865418165,3.93471272499998,1.0,120,0.5294415771585282,0.1882362680046794,0.5253623188405797,0.2107845435571097,0.8639302382802179
VALIDATION,12:00,PERSIST_1,1285,125,1.8396018187456897,1.9743154039656001,0.8544747081712062,30,0.10698146228518209,0.03713527851463903,0.5019455252918288,0.022876337315813542,0.1979177984356162
VALIDATION,12:00,PERSIST_1,1285,125,1.8396018187456897,1.9743154039656001,0.8544747081712062,60,0.17131437908357547,0.08235294117648986,0.5159533073929962,0.05052186381540984,0.29496865066474365
VALIDATION,12:00,PERSIST_1,1285,125,1.8396018187456897,1.9743154039656001,0.8544747081712062,120,-0.06657739476057359,-0.1814814814814815,0.4536964980544747,-0.226714020378511,0.09614320702178901
VALIDATION,12:00,PERSIST_1_CONFIRMED,385,114,2.3315028026472073,4.557170458594248,1.0,30,0.15846487098412954,0.07237813884788637,0.522077922077922,0.005663654027617897,0.33152222657290215
VALIDATION,12:00,PERSIST_1_CONFIRMED,385,114,2.3315028026472073,4.557170458594248,1.0,60,0.20667461610540772,0.12962962962958666,0.5272727272727272,-0.022483924530602675,0.42812066107362234
VALIDATION,12:00,PERSIST_1_CONFIRMED,385,114,2.3315028026472073,4.557170458594248,1.0,120,0.03569533120128931,-0.06194690265481242,0.4727272727272727,-0.2391872462600885,0.32940271019437234
VALIDATION,12:00,PERSIST_2,971,125,1.974995781145793,1.9748521799977297,0.8228630278063852,30,0.13066026900454394,0.06481481481482913,0.509783728115345,0.03476250714545584,0.23371339627228102
VALIDATION,12:00,PERSIST_2,971,125,1.974995781145793,1.9748521799977297,0.8228630278063852,60,0.20652895074870842,0.09277108433734148,0.5211122554067971,0.06872259948793791,0.3409700608215923
VALIDATION,12:00,PERSIST_2,971,125,1.974995781145793,1.9748521799977297,0.8228630278063852,120,-0.0608931733431073,-0.18666666666666668,0.45417095777548916,-0.2590535299475373,0.13426556752115387
VALIDATION,12:00,PERSIST_2_CONFIRMED,279,106,2.606877353381118,4.675635672812914,1.0,30,0.19816508912082806,0.12389380530970998,0.5376344086021505,0.0015583136886565803,0.41394664418625154
VALIDATION,12:00,PERSIST_2_CONFIRMED,279,106,2.606877353381118,4.675635672812914,1.0,60,0.3005565558393892,0.2413793103448314,0.5483870967741935,0.031204679222557218,0.57577998860443
VALIDATION,12:00,PERSIST_2_CONFIRMED,279,106,2.606877353381118,4.675635672812914,1.0,120,0.14354219600340679,0.026743075453652666,0.5017921146953405,-0.2014797253557524,0.4753595952698078
VALIDATION,12:00,PERSIST_3,825,125,2.0301788150465288,1.9984549881638893,0.7987878787878788,30,0.14127145511145875,0.09589041095888405,0.5163636363636364,0.026016478302014194,0.26126919341010457
VALIDATION,12:00,PERSIST_3,825,125,2.0301788150465288,1.9984549881638893,0.7987878787878788,60,0.2218151631955528,0.08805031446539621,0.5224242424242425,0.07001741205175152,0.39294721320244586
VALIDATION,12:00,PERSIST_3,825,125,2.0301788150465288,1.9984549881638893,0.7987878787878788,120,-0.0718448022307629,-0.18666666666666668,0.4509090909090909,-0.293107415118815,0.13693377658268516
VALIDATION,12:00,PERSIST_3_CONFIRMED,235,102,2.7116450403938566,4.728172667072598,1.0,30,0.13570405736796784,0.11290322580643401,0.5276595744680851,-0.07178597574791899,0.3508690137631079
VALIDATION,12:00,PERSIST_3_CONFIRMED,235,102,2.7116450403938566,4.728172667072598,1.0,60,0.277652991057905,0.22459893048133256,0.5404255319148936,-0.01009530715995193,0.5830271692728052
VALIDATION,12:00,PERSIST_3_CONFIRMED,235,102,2.7116450403938566,4.728172667072598,1.0,120,0.10590323091000045,0.0,0.4978723404255319,-0.30141749092163234,0.4666104426761212
