split,snapshot_time,cohort,benchmark,horizon_min,leader_events,paired_sessions,leader_session_avg_atr,benchmark_session_avg_atr,spread_atr,spread_ci_low,spread_ci_high,positive_spread_session_rate
DEV,09:45,PERSIST_1,REST,30,4509,450,-0.0459907383303657,-0.04714210177863244,0.0011513634482667307,-0.04572020800830332,0.048275139906688316,0.5022222222222222
DEV,09:45,PERSIST_1,BOTTOM50,30,4509,450,-0.0459907383303657,-0.059579660289458096,0.013588921959092386,-0.03676553819764568,0.06706661467902804,0.5066666666666667
DEV,09:45,PERSIST_1,REST,60,4509,450,-0.051267285844509285,-0.02749275636239767,-0.023774529482111614,-0.08998052340434645,0.039202547784358326,0.4822222222222222
DEV,09:45,PERSIST_1,BOTTOM50,60,4509,450,-0.051267285844509285,-0.03828659036754208,-0.012980695476967218,-0.08314660418786404,0.05471157479434089,0.5
DEV,09:45,PERSIST_1,REST,120,4509,450,-0.039541839119678075,-0.011788513218076465,-0.0277533259016016,-0.11373777412685339,0.05252948340142016,0.4688888888888889
DEV,09:45,PERSIST_1,BOTTOM50,120,4509,450,-0.039541839119678075,-0.0290778899209205,-0.01046394919875758,-0.10307394785399221,0.07780875153152284,0.47555555555555556
DEV,09:45,PERSIST_1_CONFIRMED,REST,30,1845,435,-0.020289394069276493,-0.038534578919328176,0.018245184850051693,-0.052115639198374406,0.09405377819277802,0.496551724137931
DEV,09:45,PERSIST_1_CONFIRMED,BOTTOM50,30,1845,435,-0.020289394069276493,-0.05032930327822805,0.030039909208951544,-0.04680483100125682,0.10483968903271933,0.5103448275862069
DEV,09:45,PERSIST_1_CONFIRMED,REST,60,1845,435,-0.02333653162406721,-0.029756672438267184,0.006420140814199967,-0.10243147690083845,0.10555425880529722,0.4804597701149425
DEV,09:45,PERSIST_1_CONFIRMED,BOTTOM50,60,1845,435,-0.02333653162406721,-0.03619168103363129,0.012855149409564073,-0.08969787744224299,0.11114904290761726,0.4827586206896552
DEV,09:45,PERSIST_1_CONFIRMED,REST,120,1845,435,0.02525663187849062,-0.01670369252085278,0.041960324399343406,-0.07311126147438841,0.1779728147591875,0.4689655172413793
DEV,09:45,PERSIST_1_CONFIRMED,BOTTOM50,120,1845,435,0.02525663187849062,-0.027067642026394483,0.0523242739048851,-0.08696232164089662,0.18374311629047646,0.47126436781609193
DEV,10:00,PERSIST_1,REST,30,4489,448,-0.03446319374024697,-0.016677491050106567,-0.01778570269014039,-0.05506482250417158,0.020648075111598375,0.48660714285714285
DEV,10:00,PERSIST_1,BOTTOM50,30,4489,448,-0.03446319374024697,-0.026886557248355758,-0.00757663649189121,-0.04810397358851955,0.038279014459785175,0.49330357142857145
DEV,10:00,PERSIST_1,REST,60,4489,448,0.010663480981977202,0.0061245766223625335,0.0045389043596146695,-0.05076176339350563,0.06086321604528797,0.49776785714285715
DEV,10:00,PERSIST_1,BOTTOM50,60,4489,448,0.010663480981977202,-0.005528078500619023,0.016191559482596235,-0.04197353620098955,0.07771346189132715,0.5044642857142857
DEV,10:00,PERSIST_1,REST,120,4489,448,-0.0019490559370678809,0.004230939545232406,-0.006179995482300274,-0.0768912138423142,0.06283439323467738,0.4955357142857143
DEV,10:00,PERSIST_1,BOTTOM50,120,4489,448,-0.0019490559370678809,-0.011876587216218834,0.009927531279150961,-0.07096952740404222,0.08130308810953499,0.4888392857142857
DEV,10:00,PERSIST_1_CONFIRMED,REST,30,1792,427,0.0042034970002027385,-0.017736289633555863,0.02193978663375859,-0.0428915991141988,0.09076789290445272,0.4918032786885246
DEV,10:00,PERSIST_1_CONFIRMED,BOTTOM50,30,1792,427,0.0042034970002027385,-0.02430201915367398,0.0285055161538767,-0.04127041930127091,0.10258196249372274,0.5011709601873536
DEV,10:00,PERSIST_1_CONFIRMED,REST,60,1792,427,0.015644015045088798,0.0016840499811783011,0.013959965063910493,-0.07425158312227052,0.09978398671735397,0.5011709601873536
DEV,10:00,PERSIST_1_CONFIRMED,BOTTOM50,60,1792,427,0.015644015045088798,-0.006452658161971786,0.022096673207060605,-0.06337354990710463,0.12823058552871588,0.5105386416861827
DEV,10:00,PERSIST_1_CONFIRMED,REST,120,1792,427,0.03068731692816885,-0.006110516539143843,0.03679783346731267,-0.0701472929941058,0.14001175616055694,0.5128805620608899
DEV,10:00,PERSIST_1_CONFIRMED,BOTTOM50,120,1792,427,0.03068731692816885,-0.015434221325891782,0.046121538254060644,-0.07288569649381517,0.16431713232043765,0.5199063231850117
DEV,10:00,PERSIST_2,REST,30,3470,448,-0.031153003163419728,-0.017284029984866525,-0.013868973178553219,-0.05708601003789748,0.026739313640826445,0.48660714285714285
DEV,10:00,PERSIST_2,BOTTOM50,30,3470,448,-0.031153003163419728,-0.026886557248355758,-0.004266445915063978,-0.05080717037234624,0.04201747808479641,0.5044642857142857
DEV,10:00,PERSIST_2,REST,60,3470,448,0.01886457604755379,0.005629977018625137,0.013234599028928665,-0.05032764343979473,0.07218821773333017,0.5200892857142857
DEV,10:00,PERSIST_2,BOTTOM50,60,3470,448,0.01886457604755379,-0.005528078500619023,0.02439265454817282,-0.039272040651347054,0.09144050573577565,0.5334821428571429
DEV,10:00,PERSIST_2,REST,120,3470,448,0.00024212582212880925,0.0036897283595820167,-0.003447602537453195,-0.0825831468492532,0.07951896256230719,0.484375
DEV,10:00,PERSIST_2,BOTTOM50,120,3470,448,0.00024212582212880925,-0.011876587216218834,0.012118713038347637,-0.07372107633898684,0.10009767510990587,0.46651785714285715
DEV,10:00,PERSIST_2_CONFIRMED,REST,30,1325,414,0.0071084521540428006,-0.005232587430268672,0.012341039584311484,-0.055331295336201264,0.07835414076902115,0.5024154589371981
DEV,10:00,PERSIST_2_CONFIRMED,BOTTOM50,30,1325,414,0.0071084521540428006,-0.0132687964976669,0.020377248651709687,-0.055183343329056764,0.09175627480389792,0.5048309178743962
DEV,10:00,PERSIST_2_CONFIRMED,REST,60,1325,414,0.019174221649580665,0.014215415466017118,0.004958806183563561,-0.0902703276519644,0.09661974336565773,0.5048309178743962
DEV,10:00,PERSIST_2_CONFIRMED,BOTTOM50,60,1325,414,0.019174221649580665,0.003921911693438338,0.015252309956142324,-0.08221223602486252,0.10346985966966385,0.5096618357487923
DEV,10:00,PERSIST_2_CONFIRMED,REST,120,1325,414,0.016906422981469986,0.00353148897048092,0.013374934010989072,-0.09690371089601618,0.1330085895197153,0.45893719806763283
DEV,10:00,PERSIST_2_CONFIRMED,BOTTOM50,120,1325,414,0.016906422981469986,-0.006778707450132253,0.02368513043160224,-0.0989018785436977,0.1440433951650473,0.49033816425120774
DEV,10:30,PERSIST_1,REST,30,4489,449,0.055947756136136874,0.02564124722187923,0.030306508914257638,-0.017294854875678164,0.07352153258580119,0.5144766146993318
DEV,10:30,PERSIST_1,BOTTOM50,30,4489,449,0.055947756136136874,0.021140205918530174,0.03480755021760669,-0.015847131975190547,0.08598878454560793,0.5144766146993318
DEV,10:30,PERSIST_1,REST,60,4489,449,0.08590531451404732,0.04915644021272301,0.03674887430132433,-0.03252444843312719,0.10166255113550395,0.48552338530066813
DEV,10:30,PERSIST_1,BOTTOM50,60,4489,449,0.08590531451404732,0.0481896475159806,0.03771566699806674,-0.03414751591961469,0.11462069519581349,0.48775055679287305
DEV,10:30,PERSIST_1,REST,120,4489,449,0.0664097297344407,0.023818006445426018,0.04259172328901467,-0.040186004150421555,0.12902781279301306,0.5100222717149221
DEV,10:30,PERSIST_1,BOTTOM50,120,4489,449,0.0664097297344407,0.016535333688632702,0.049874396045807984,-0.04831946809716449,0.13930393597165383,0.5077951002227171
DEV,10:30,PERSIST_1_CONFIRMED,REST,30,1690,432,0.06875688911421562,0.016911644048361516,0.05184524506585411,-0.0186126161700087,0.1274705928111084,0.5231481481481481
DEV,10:30,PERSIST_1_CONFIRMED,BOTTOM50,30,1690,432,0.06875688911421562,0.013111080300696375,0.05564580881351926,-0.02293389893936605,0.13670024307553424,0.5023148148148148
DEV,10:30,PERSIST_1_CONFIRMED,REST,60,1690,432,0.0917590734158593,0.04172498975771522,0.05003408365814407,-0.058904315363811334,0.15426455923202573,0.5300925925925926
DEV,10:30,PERSIST_1_CONFIRMED,BOTTOM50,60,1690,432,0.0917590734158593,0.042643267506823464,0.04911580590903583,-0.05738049766218676,0.15718649739913826,0.5208333333333334
DEV,10:30,PERSIST_1_CONFIRMED,REST,120,1690,432,0.07312801013919307,0.01606639969327647,0.057061610445916594,-0.07792563484408377,0.1924924867882429,0.5231481481481481
DEV,10:30,PERSIST_1_CONFIRMED,BOTTOM50,120,1690,432,0.07312801013919307,0.010282254419277818,0.06284575571991524,-0.08258104675686341,0.20611456137182707,0.49537037037037035
DEV,10:30,PERSIST_2,REST,30,3326,449,0.04185636214775887,0.02699120216854567,0.014865159979213217,-0.029291358686420646,0.061810815633741675,0.5144766146993318
DEV,10:30,PERSIST_2,BOTTOM50,30,3326,449,0.04185636214775887,0.021140205918530174,0.020716156229228698,-0.03229349889548625,0.07176397211330138,0.5077951002227171
DEV,10:30,PERSIST_2,REST,60,3326,449,0.06631530012713459,0.051206018236145706,0.015109281890988905,-0.05522753337808862,0.08494803112948912,0.48552338530066813
DEV,10:30,PERSIST_2,BOTTOM50,60,3326,449,0.06631530012713459,0.0481896475159806,0.018125652611153977,-0.053890453094802435,0.09087686052413754,0.48552338530066813
DEV,10:30,PERSIST_2,REST,120,3326,449,0.009863298239179176,0.02903892602804933,-0.019175627788870137,-0.11071325964832092,0.07607496104037312,0.49665924276169265
DEV,10:30,PERSIST_2,BOTTOM50,120,3326,449,0.009863298239179176,0.016535333688632702,-0.006672035449453522,-0.12038197447212286,0.09532173822380684,0.49443207126948774
DEV,10:30,PERSIST_2_CONFIRMED,REST,30,1180,415,0.04904805206495287,0.02275123326983898,0.026296818795113912,-0.05436014946896855,0.10457886274179327,0.5325301204819277
DEV,10:30,PERSIST_2_CONFIRMED,BOTTOM50,30,1180,415,0.04904805206495287,0.02014380446595866,0.02890424759899422,-0.054636963397966,0.11602227895137218,0.5108433734939759
DEV,10:30,PERSIST_2_CONFIRMED,REST,60,1180,415,0.05782117670229366,0.038778874242477245,0.019042302459816418,-0.09862110157906334,0.1411235759045199,0.5349397590361445
DEV,10:30,PERSIST_2_CONFIRMED,BOTTOM50,60,1180,415,0.05782117670229366,0.03864975108893905,0.019171425613354626,-0.10627995109612419,0.14308897670883278,0.5325301204819277
DEV,10:30,PERSIST_2_CONFIRMED,REST,120,1180,415,0.004436965290476794,0.02520596733370042,-0.020769002043223617,-0.17815575611053594,0.12391526424549636,0.4939759036144578
DEV,10:30,PERSIST_2_CONFIRMED,BOTTOM50,120,1180,415,0.004436965290476794,0.01693859609073415,-0.012501630800257374,-0.18225822777934278,0.13755817014157184,0.5012048192771085
DEV,10:30,PERSIST_3,REST,30,2769,449,0.04493394284751611,0.027188429674457358,0.017745513173058756,-0.03128962910829939,0.06880287978048293,0.512249443207127
DEV,10:30,PERSIST_3,BOTTOM50,30,2769,449,0.04493394284751611,0.021140205918530174,0.02379373692898594,-0.03116587514342553,0.07756958857149472,0.5144766146993318
DEV,10:30,PERSIST_3,REST,60,2769,449,0.07097768309935452,0.05150339237765003,0.019474290721704493,-0.05293321609987212,0.09567608013718613,0.5011135857461024
DEV,10:30,PERSIST_3,BOTTOM50,60,2769,449,0.07097768309935452,0.0481896475159806,0.02278803558337392,-0.06641173072722642,0.10317847244639154,0.49443207126948774
DEV,10:30,PERSIST_3,REST,120,2769,449,0.024784359250677686,0.02816535399837203,-0.003380994747694376,-0.09419111183695,0.10064667064516584,0.5167037861915368
DEV,10:30,PERSIST_3,BOTTOM50,120,2769,449,0.024784359250677686,0.016535333688632702,0.008249025562044975,-0.11135504602479376,0.1101194060227519,0.5233853006681515
DEV,10:30,PERSIST_3_CONFIRMED,REST,30,964,393,0.027160588184691165,0.015305190543791411,0.011855397640899759,-0.08587298856656239,0.10696033172268005,0.539440203562341
DEV,10:30,PERSIST_3_CONFIRMED,BOTTOM50,30,964,393,0.027160588184691165,0.01284461238263975,0.014315975802051396,-0.0860587459843855,0.10708123222075742,0.5114503816793893
DEV,10:30,PERSIST_3_CONFIRMED,REST,60,964,393,0.042889257358518604,0.036530690771230556,0.006358566587288045,-0.11481471773788866,0.12100765720031753,0.5292620865139949
DEV,10:30,PERSIST_3_CONFIRMED,BOTTOM50,60,964,393,0.042889257358518604,0.039835800026907564,0.0030534573316110696,-0.1338669188574376,0.1298507567549395,0.5216284987277354
DEV,10:30,PERSIST_3_CONFIRMED,REST,120,964,393,-0.02297808037963832,0.0036158970047098457,-0.026593977384348124,-0.1966137688157169,0.14951477242383765,0.48346055979643765
DEV,10:30,PERSIST_3_CONFIRMED,BOTTOM50,120,964,393,-0.02297808037963832,-0.002064261151708127,-0.02091381922793019,-0.19785854780414636,0.1556950186694945,0.5012722646310432
DEV,11:00,PERSIST_1,REST,30,4489,449,0.03915018635558742,0.024352264812788488,0.014797921542798924,-0.03553017849117899,0.07247299350244388,0.5100222717149221
DEV,11:00,PERSIST_1,BOTTOM50,30,4489,449,0.03915018635558742,0.029919116915543966,0.00923106944004344,-0.052610723190063595,0.07212212661892377,0.49443207126948774
DEV,11:00,PERSIST_1,REST,60,4489,449,0.02609234355228207,-0.018189944635326027,0.04428228818760809,-0.031028515055217785,0.11618221699142828,0.512249443207127
DEV,11:00,PERSIST_1,BOTTOM50,60,4489,449,0.02609234355228207,-0.02694903023047302,0.0530413737827551,-0.02514596569357875,0.13387713615391614,0.512249443207127
DEV,11:00,PERSIST_1,REST,120,4489,449,0.02061099851309287,-0.06456121342451439,0.08517221193760725,-0.010881757148462566,0.17044975695746287,0.5300668151447662
DEV,11:00,PERSIST_1,BOTTOM50,120,4489,449,0.02061099851309287,-0.08289824580307732,0.1035092443161702,0.003230528444252035,0.20959031507211184,0.532293986636971
DEV,11:00,PERSIST_1_CONFIRMED,REST,30,1646,425,0.06520341668951517,0.022757327307329052,0.042446089382186136,-0.04626019213285347,0.13223230361864555,0.4823529411764706
DEV,11:00,PERSIST_1_CONFIRMED,BOTTOM50,30,1646,425,0.06520341668951517,0.02977309208190427,0.03543032460761091,-0.06472329129465904,0.1290864770275105,0.4894117647058824
DEV,11:00,PERSIST_1_CONFIRMED,REST,60,1646,425,0.06499310270651229,-0.021973097608550603,0.08696620031506287,-0.043790470735682374,0.20075679284672476,0.5176470588235295
DEV,11:00,PERSIST_1_CONFIRMED,BOTTOM50,60,1646,425,0.06499310270651229,-0.029625804845731532,0.0946189075522438,-0.035232699234165055,0.23385782143890962,0.5294117647058824
DEV,11:00,PERSIST_1_CONFIRMED,REST,120,1646,425,0.019290556723753714,-0.07579477136158343,0.09508532808533712,-0.07970663431431292,0.25903595352670417,0.4964705882352941
DEV,11:00,PERSIST_1_CONFIRMED,BOTTOM50,120,1646,425,0.019290556723753714,-0.09308654266939484,0.11237709939314858,-0.05249495132245719,0.28608667809684646,0.4964705882352941
DEV,11:00,PERSIST_2,REST,30,3490,449,0.03356450945532945,0.025232001207190026,0.008332508248139433,-0.04765537485114324,0.06794932033646764,0.48329621380846327
DEV,11:00,PERSIST_2,BOTTOM50,30,3490,449,0.03356450945532945,0.029919116915543966,0.003645392539785479,-0.05991422832251353,0.06540513679425454,0.4766146993318486
DEV,11:00,PERSIST_2,REST,60,3490,449,0.01194065092570318,-0.015795250988091154,0.02773590191379434,-0.050310990870478405,0.10745164201995122,0.512249443207127
DEV,11:00,PERSIST_2,BOTTOM50,60,3490,449,0.01194065092570318,-0.02694903023047302,0.03888968115617621,-0.0499462137876656,0.12814984727215162,0.5233853006681515
DEV,11:00,PERSIST_2,REST,120,3490,449,0.016449516048606408,-0.06120777059755783,0.07765728664616425,-0.01962099896916485,0.1709464084483461,0.5100222717149221
DEV,11:00,PERSIST_2,BOTTOM50,120,3490,449,0.016449516048606408,-0.08289824580307732,0.09934776185168374,-0.00289224630767484,0.21584928537009312,0.534521158129176
DEV,11:00,PERSIST_2_CONFIRMED,REST,30,1219,405,0.05198469799449603,0.025118381135765578,0.02686631685873046,-0.06312404771886139,0.11660430306380162,0.4839506172839506
DEV,11:00,PERSIST_2_CONFIRMED,BOTTOM50,30,1219,405,0.05198469799449603,0.029224694548483355,0.022760003446012693,-0.07302336711709127,0.11737862649481293,0.5012345679012346
DEV,11:00,PERSIST_2_CONFIRMED,REST,60,1219,405,0.01685286236207599,-0.02107588007381214,0.03792874243588816,-0.09343681282759644,0.16549762202350513,0.5111111111111111
DEV,11:00,PERSIST_2_CONFIRMED,BOTTOM50,60,1219,405,0.01685286236207599,-0.03567999289651772,0.05253285525859371,-0.09344265513065139,0.1964401078404869,0.5259259259259259
DEV,11:00,PERSIST_2_CONFIRMED,REST,120,1219,405,0.0066817533995984875,-0.06210932836459795,0.06879108176419646,-0.09242397910352548,0.23420693821437769,0.508641975308642
DEV,11:00,PERSIST_2_CONFIRMED,BOTTOM50,120,1219,405,0.0066817533995984875,-0.08510643658792515,0.09178818998752367,-0.0751683084607888,0.27206127127095237,0.5012345679012346
DEV,11:00,PERSIST_3,REST,30,2756,449,0.020450979055135435,0.025930814339600598,-0.005479835284465151,-0.07120559228401666,0.05625159477392738,0.48997772828507796
DEV,11:00,PERSIST_3,BOTTOM50,30,2756,449,0.020450979055135435,0.029919116915543966,-0.009468137860408529,-0.0754110987762411,0.063617586752629,0.4766146993318486
DEV,11:00,PERSIST_3,REST,60,2756,449,-0.034974305363328156,-0.012572729190105944,-0.022401576173222203,-0.10764616034059117,0.06389897246290549,0.49443207126948774
DEV,11:00,PERSIST_3,BOTTOM50,60,2756,449,-0.034974305363328156,-0.02694903023047302,-0.008025275132855128,-0.10137078224110979,0.08990172250319507,0.48329621380846327
DEV,11:00,PERSIST_3,REST,120,2756,449,-0.04718268900058856,-0.055807832929836994,0.008625143929248435,-0.10782526698174469,0.12633700036968518,0.48329621380846327
DEV,11:00,PERSIST_3,BOTTOM50,120,2756,449,-0.04718268900058856,-0.08289824580307732,0.03571555680248878,-0.08100271066621147,0.1549575226476175,0.5100222717149221
DEV,11:00,PERSIST_3_CONFIRMED,REST,30,953,384,0.05090165473514031,0.008728198188440929,0.042173456546699385,-0.059014820646513554,0.148716196391689,0.4895833333333333
DEV,11:00,PERSIST_3_CONFIRMED,BOTTOM50,30,953,384,0.05090165473514031,0.01255855889829507,0.038343095836845247,-0.07373891852816321,0.15469457151786012,0.5026041666666666
DEV,11:00,PERSIST_3_CONFIRMED,REST,60,953,384,-0.014627600134244266,-0.03946765430447836,0.024840054170234094,-0.1416859664309512,0.1762636570142828,0.5078125
DEV,11:00,PERSIST_3_CONFIRMED,BOTTOM50,60,953,384,-0.014627600134244266,-0.05509348566915603,0.04046588553491178,-0.12000457922442155,0.21030702620812328,0.515625
DEV,11:00,PERSIST_3_CONFIRMED,REST,120,953,384,-0.07811988006457139,-0.08233121079744674,0.004211330732875366,-0.1893877432601746,0.18935124105968582,0.4947916666666667
DEV,11:00,PERSIST_3_CONFIRMED,BOTTOM50,120,953,384,-0.07811988006457139,-0.1064210950271021,0.028301214962530696,-0.15145340320800182,0.22548876832931922,0.4947916666666667
DEV,12:00,PERSIST_1,REST,30,4510,449,0.01815312701118514,-0.0005731525746380773,0.018726279585823204,-0.038246919313851484,0.0783394098316684,0.534521158129176
DEV,12:00,PERSIST_1,BOTTOM50,30,4510,449,0.01815312701118514,0.006343531885303715,0.011809595125881417,-0.05084529058779048,0.07312121710404956,0.5055679287305123
DEV,12:00,PERSIST_1,REST,60,4510,449,0.004522985460478153,-0.07397261932800257,0.07849560478848072,0.00524671245615481,0.1551594384350268,0.5701559020044543
DEV,12:00,PERSIST_1,BOTTOM50,60,4510,449,0.004522985460478153,-0.09198481277554933,0.09650779823602747,0.015930164661089475,0.17780013187645619,0.576837416481069
DEV,12:00,PERSIST_1,REST,120,4510,449,0.08197344451918298,0.01265278697313551,0.06932065754604746,-0.04262470097977437,0.1768334118607409,0.5256124721603563
DEV,12:00,PERSIST_1,BOTTOM50,120,4510,449,0.08197344451918298,-0.016814957212518196,0.09878840173170118,-0.016016794244849704,0.2165667284162453,0.534521158129176
DEV,12:00,PERSIST_1_CONFIRMED,REST,30,1564,427,0.10205205915800422,-0.003948614186851129,0.10600067334485534,-0.0076090889078561106,0.2271205248426624,0.5292740046838408
DEV,12:00,PERSIST_1_CONFIRMED,BOTTOM50,30,1564,427,0.10205205915800422,0.0012122095371635596,0.10083984962084067,-0.02582305282452063,0.23378018343739213,0.5128805620608899
DEV,12:00,PERSIST_1_CONFIRMED,REST,60,1564,427,0.08078244361175661,-0.07603637668111474,0.15681882029287134,0.003904785493401099,0.32040205404275823,0.5362997658079626
DEV,12:00,PERSIST_1_CONFIRMED,BOTTOM50,60,1564,427,0.08078244361175661,-0.09957317773662563,0.1803556213483822,0.024289818643705705,0.36009134829466954,0.5292740046838408
DEV,12:00,PERSIST_1_CONFIRMED,REST,120,1564,427,0.1270047414651501,0.013144217315289293,0.11386052414986077,-0.08407906128237684,0.3159709111789137,0.49414519906323184
DEV,12:00,PERSIST_1_CONFIRMED,BOTTOM50,120,1564,427,0.1270047414651501,-0.02297174342888301,0.14997648489403306,-0.05492781906683454,0.3677273972668264,0.5152224824355972
DEV,12:00,PERSIST_2,REST,30,3380,449,0.01350206378166007,0.00092724835626733,0.012574815425392738,-0.04825136303992446,0.0721966920484371,0.5278396436525612
DEV,12:00,PERSIST_2,BOTTOM50,30,3380,449,0.01350206378166007,0.006343531885303715,0.0071585318963563625,-0.059983365069554276,0.074978570006019,0.49888641425389757
DEV,12:00,PERSIST_2,REST,60,3380,449,0.004495156420975794,-0.07093307229325789,0.07542822871423367,-0.010174246491327386,0.1593271815406708,0.5567928730512249
DEV,12:00,PERSIST_2,BOTTOM50,60,3380,449,0.004495156420975794,-0.09198481277554933,0.09647996919652513,0.011425743881947718,0.1843841584069986,0.5924276169265034
DEV,12:00,PERSIST_2,REST,120,3380,449,0.09013556956544347,0.015033211801086726,0.07510235776435673,-0.04976191216210602,0.18439860287528345,0.5389755011135857
DEV,12:00,PERSIST_2,BOTTOM50,120,3380,449,0.09013556956544347,-0.016814957212518196,0.10695052677796164,-0.021675268850545652,0.23353171641460882,0.5389755011135857
DEV,12:00,PERSIST_2_CONFIRMED,REST,30,1108,404,0.08851977073202638,-0.009184301629202278,0.09770407236122866,-0.030597386030193525,0.21733912141947162,0.5297029702970297
DEV,12:00,PERSIST_2_CONFIRMED,BOTTOM50,30,1108,404,0.08851977073202638,-0.004991833430463101,0.09351160416248949,-0.03281390162749231,0.21563657487597176,0.5099009900990099
DEV,12:00,PERSIST_2_CONFIRMED,REST,60,1108,404,0.035228442632907746,-0.06461701111169496,0.09984545374460271,-0.06759986589639828,0.266417042554281,0.504950495049505
DEV,12:00,PERSIST_2_CONFIRMED,BOTTOM50,60,1108,404,0.035228442632907746,-0.09235572798997246,0.12758417062288024,-0.03799885752153776,0.30550261406553925,0.5148514851485149
DEV,12:00,PERSIST_2_CONFIRMED,REST,120,1108,404,0.08413637440846533,0.042178284816314554,0.041958089592150756,-0.15935198459624314,0.24781282420126202,0.4876237623762376
DEV,12:00,PERSIST_2_CONFIRMED,BOTTOM50,120,1108,404,0.08413637440846533,0.009251952318962852,0.07488442208950245,-0.15274096376085378,0.3005292210851714,0.5123762376237624
DEV,12:00,PERSIST_3,REST,30,2806,449,0.011704470940041881,0.0010227684907358342,0.010681702449306038,-0.05269947512473726,0.07445679754137763,0.5300668151447662
DEV,12:00,PERSIST_3,BOTTOM50,30,2806,449,0.011704470940041881,0.006343531885303715,0.0053609390547381544,-0.06312508931389735,0.07359803282714723,0.512249443207127
DEV,12:00,PERSIST_3,REST,60,2806,449,0.023079712596180857,-0.07109948028933422,0.09417919288551509,0.0029224514315619914,0.1731653111445767,0.5590200445434298
DEV,12:00,PERSIST_3,BOTTOM50,60,2806,449,0.023079712596180857,-0.09198481277554933,0.11506452537173019,0.017595859677842347,0.2119455076920331,0.5634743875278396
DEV,12:00,PERSIST_3,REST,120,2806,449,0.0975569564608529,0.015291969232781562,0.08226498722807139,-0.038213466007088706,0.2086628864617105,0.5167037861915368
DEV,12:00,PERSIST_3,BOTTOM50,120,2806,449,0.0975569564608529,-0.016814957212518196,0.11437191367337113,-0.011951240983435573,0.24195317061130717,0.534521158129176
DEV,12:00,PERSIST_3_CONFIRMED,REST,30,899,378,0.13885267733129544,-0.003476450676927466,0.1423291280082229,0.016084111871034677,0.27522534400190773,0.5370370370370371
DEV,12:00,PERSIST_3_CONFIRMED,BOTTOM50,30,899,378,0.13885267733129544,0.006790898142293735,0.1320617791890017,0.0008494669087721669,0.26689579462747737,0.5264550264550265
DEV,12:00,PERSIST_3_CONFIRMED,REST,60,899,378,0.12673383980052674,-0.0327575051388502,0.15949134493937694,-0.03394387821198517,0.3548123400067715,0.5052910052910053
DEV,12:00,PERSIST_3_CONFIRMED,BOTTOM50,60,899,378,0.12673383980052674,-0.05215812420154251,0.1788919640020693,-0.01606666986502666,0.3830915856652131,0.49206349206349204
DEV,12:00,PERSIST_3_CONFIRMED,REST,120,899,378,0.21743847030429833,0.11455974383066783,0.10287872647363049,-0.1164453820231651,0.3360385691775082,0.4894179894179894
DEV,12:00,PERSIST_3_CONFIRMED,BOTTOM50,120,899,378,0.21743847030429833,0.08806715428647997,0.12937131601781834,-0.0976173595953412,0.3914402426713238,0.4973544973544973
VALIDATION,09:45,PERSIST_1,REST,30,1284,125,-0.010808641240050937,-0.02739849808615529,0.01658985684610435,-0.06111822273688791,0.09702566549163825,0.52
VALIDATION,09:45,PERSIST_1,BOTTOM50,30,1284,125,-0.010808641240050937,-0.019339409687777812,0.008530768447726874,-0.07745388629066893,0.09668029085931835,0.512
VALIDATION,09:45,PERSIST_1,REST,60,1284,125,-0.03337297072998516,-0.07489246395697999,0.0415194932269948,-0.07436968258222673,0.16191049807356891,0.504
VALIDATION,09:45,PERSIST_1,BOTTOM50,60,1284,125,-0.03337297072998516,-0.06957842821385302,0.03620545748386783,-0.10128156582188115,0.1628772124513833,0.544
VALIDATION,09:45,PERSIST_1,REST,120,1284,125,-0.046340818160940184,-0.1252902501347743,0.07894943197383411,-0.062156004717059406,0.21266395440794347,0.56
VALIDATION,09:45,PERSIST_1,BOTTOM50,120,1284,125,-0.046340818160940184,-0.12721910384601517,0.08087828568507496,-0.09696427565213005,0.2396376121628895,0.576
VALIDATION,09:45,PERSIST_1_CONFIRMED,REST,30,519,123,-0.006506481286476382,-0.03247606443663659,0.025969583150160198,-0.12050663049469029,0.16695911213732706,0.4715447154471545
VALIDATION,09:45,PERSIST_1_CONFIRMED,BOTTOM50,30,519,123,-0.006506481286476382,-0.025690956380651934,0.01918447509417555,-0.12076358447386354,0.16235519317279434,0.5040650406504065
VALIDATION,09:45,PERSIST_1_CONFIRMED,REST,60,519,123,-0.030597360387342322,-0.0873490871203579,0.05675172673301556,-0.13900136350708436,0.2605026183781337,0.43902439024390244
VALIDATION,09:45,PERSIST_1_CONFIRMED,BOTTOM50,60,519,123,-0.030597360387342322,-0.08329963803733063,0.05270227764998834,-0.15749991127248336,0.2638437802365682,0.4634146341463415
VALIDATION,09:45,PERSIST_1_CONFIRMED,REST,120,519,123,0.012857769884468857,-0.13988277047694345,0.15274054036141238,-0.054086244487453625,0.37745244461353106,0.5365853658536586
VALIDATION,09:45,PERSIST_1_CONFIRMED,BOTTOM50,120,519,123,0.012857769884468857,-0.1429206014496549,0.15577837133412378,-0.0888256631159627,0.3755135800505613,0.5853658536585366
VALIDATION,10:00,PERSIST_1,REST,30,1284,125,0.049472963152498335,0.006059138144642305,0.04341382500785603,-0.03432622938701539,0.1228823766770301,0.536
VALIDATION,10:00,PERSIST_1,BOTTOM50,30,1284,125,0.049472963152498335,0.00753862558353714,0.0419343375689612,-0.042840908557076285,0.12316590015477281,0.528
VALIDATION,10:00,PERSIST_1,REST,60,1284,125,0.051395671586521426,-0.03905381456036063,0.09044948614688204,-0.019860923207824743,0.1872800781308265,0.576
VALIDATION,10:00,PERSIST_1,BOTTOM50,60,1284,125,0.051395671586521426,-0.04512564937325266,0.09652132095977409,-0.016926598763540857,0.20833444505344173,0.528
VALIDATION,10:00,PERSIST_1,REST,120,1284,125,0.07098596665775321,-0.08733204793881834,0.15831801459657158,0.019071377869336655,0.2982555310769452,0.576
VALIDATION,10:00,PERSIST_1,BOTTOM50,120,1284,125,0.07098596665775321,-0.11479476489159901,0.18578073154935223,0.03557173790320019,0.33188835936904637,0.568
VALIDATION,10:00,PERSIST_1_CONFIRMED,REST,30,499,123,0.08784759765968918,-0.007701682071840162,0.09554927973152935,-0.043660476348466114,0.23714516598425645,0.5365853658536586
VALIDATION,10:00,PERSIST_1_CONFIRMED,BOTTOM50,30,499,123,0.08784759765968918,-0.007847452869733344,0.09569505052942252,-0.0528741006966329,0.24680942332316838,0.5040650406504065
VALIDATION,10:00,PERSIST_1_CONFIRMED,REST,60,499,123,0.048001435751240426,-0.056077361829998194,0.10407879758123866,-0.08509606014004892,0.2851916958430707,0.4634146341463415
VALIDATION,10:00,PERSIST_1_CONFIRMED,BOTTOM50,60,499,123,0.048001435751240426,-0.0667486597056447,0.11475009545688516,-0.10669038475449315,0.30800856061670073,0.5040650406504065
VALIDATION,10:00,PERSIST_1_CONFIRMED,REST,120,499,123,0.05457905307525375,-0.11251912512487303,0.16709817820012676,-0.05006658799744082,0.4003484758798597,0.5365853658536586
VALIDATION,10:00,PERSIST_1_CONFIRMED,BOTTOM50,120,499,123,0.05457905307525375,-0.14884447505489298,0.20342352813014677,-0.03508624702197995,0.4406683675030219,0.5528455284552846
VALIDATION,10:00,PERSIST_2,REST,30,1006,125,0.03366715231341507,0.008777149581523211,0.02489000273189186,-0.0670878258772057,0.11815499925047054,0.496
VALIDATION,10:00,PERSIST_2,BOTTOM50,30,1006,125,0.03366715231341507,0.00753862558353714,0.02612852672987795,-0.07304523214740873,0.1331675691672542,0.528
VALIDATION,10:00,PERSIST_2,REST,60,1006,125,0.018733562009281165,-0.03397522728778638,0.05270878929706756,-0.07195990375649239,0.17562523081059234,0.576
VALIDATION,10:00,PERSIST_2,BOTTOM50,60,1006,125,0.018733562009281165,-0.04512564937325266,0.06385921138253384,-0.06810757367568708,0.196644267416751,0.56
VALIDATION,10:00,PERSIST_2,REST,120,1006,125,0.04758152242538693,-0.08081817627118916,0.12839969869657605,-0.012578279402056967,0.286955434943115,0.552
VALIDATION,10:00,PERSIST_2,BOTTOM50,120,1006,125,0.04758152242538693,-0.11479476489159901,0.1623762873169859,0.000756676467466984,0.3213857059856567,0.512
VALIDATION,10:00,PERSIST_2_CONFIRMED,REST,30,375,120,0.0790530796750843,-0.0012020449999843308,0.08025512467506865,-0.08824151543860596,0.23778423337351215,0.5083333333333333
VALIDATION,10:00,PERSIST_2_CONFIRMED,BOTTOM50,30,375,120,0.0790530796750843,0.000839118466959569,0.07821396120812472,-0.08651843305438756,0.23867067361670902,0.49166666666666664
VALIDATION,10:00,PERSIST_2_CONFIRMED,REST,60,375,120,-0.02832128867592766,-0.04355234135646036,0.015231052680532679,-0.20282621391523112,0.23907730650693929,0.48333333333333334
VALIDATION,10:00,PERSIST_2_CONFIRMED,BOTTOM50,60,375,120,-0.02832128867592766,-0.04959620260962179,0.021274913933694083,-0.21973020650428135,0.29322877856988516,0.48333333333333334
VALIDATION,10:00,PERSIST_2_CONFIRMED,REST,120,375,120,0.021017975402316123,-0.10286757108860428,0.12388554649092036,-0.15038722339916144,0.4330855907994321,0.5083333333333333
VALIDATION,10:00,PERSIST_2_CONFIRMED,BOTTOM50,120,375,120,0.021017975402316123,-0.13832965882364331,0.1593476342259594,-0.1020117962572298,0.4503079803626942,0.525
VALIDATION,10:30,PERSIST_1,REST,30,1285,125,0.02419967895717899,-0.05367647603636419,0.07787615499354318,-0.001305434816363366,0.15619556538457766,0.544
VALIDATION,10:30,PERSIST_1,BOTTOM50,30,1285,125,0.02419967895717899,-0.052389861819993,0.07658954077717203,-0.008444928343658795,0.1577106695762015,0.504
VALIDATION,10:30,PERSIST_1,REST,60,1285,125,0.010782109079111774,-0.07144173743114209,0.08222384651025384,-0.01953976121990381,0.18990382435359834,0.568
VALIDATION,10:30,PERSIST_1,BOTTOM50,60,1285,125,0.010782109079111774,-0.06436987279353348,0.0751519818726453,-0.04680062235364118,0.18577752193123306,0.552
VALIDATION,10:30,PERSIST_1,REST,120,1285,125,0.10753210221726472,-0.015365648330222404,0.12289775054748713,-0.011512682260810484,0.2618941604626167,0.512
VALIDATION,10:30,PERSIST_1,BOTTOM50,120,1285,125,0.10753210221726472,-0.021887936243636066,0.1294200384609008,-0.04372936061010116,0.2969087103493041,0.552
VALIDATION,10:30,PERSIST_1_CONFIRMED,REST,30,475,120,-0.03490705602297551,-0.06164508359524735,0.02673802757227184,-0.10834773733475733,0.1572676208699272,0.5166666666666667
VALIDATION,10:30,PERSIST_1_CONFIRMED,BOTTOM50,30,475,120,-0.03490705602297551,-0.06812718393254516,0.03322012790956965,-0.10654438827054057,0.16758301058868033,0.4666666666666667
VALIDATION,10:30,PERSIST_1_CONFIRMED,REST,60,475,120,-0.11252056976521144,-0.088488687498763,-0.024031882266448458,-0.24473323804028563,0.17472027011711536,0.43333333333333335
VALIDATION,10:30,PERSIST_1_CONFIRMED,BOTTOM50,60,475,120,-0.11252056976521144,-0.0928900211470982,-0.019630548618113235,-0.2079192277307056,0.18883978254458814,0.425
VALIDATION,10:30,PERSIST_1_CONFIRMED,REST,120,475,120,0.0668691193323104,-0.033502912628423684,0.10037203196073417,-0.16588511520428212,0.37565947400682637,0.5
VALIDATION,10:30,PERSIST_1_CONFIRMED,BOTTOM50,120,475,120,0.0668691193323104,-0.053419341887927234,0.12028846122023769,-0.15738491745437302,0.3875824285489004,0.5083333333333333
VALIDATION,10:30,PERSIST_2,REST,30,939,125,0.01695783706361823,-0.05068350016769305,0.06764133723131127,-0.01639786254405533,0.1565429060416711,0.528
VALIDATION,10:30,PERSIST_2,BOTTOM50,30,939,125,0.01695783706361823,-0.052389861819993,0.06934769888361123,-0.022915648946025574,0.16485926294877296,0.496
VALIDATION,10:30,PERSIST_2,REST,60,939,125,0.02640209265898423,-0.07000492539711511,0.09640701805609933,-0.019943577689328515,0.2200274067447885,0.52
VALIDATION,10:30,PERSIST_2,BOTTOM50,60,939,125,0.02640209265898423,-0.06436987279353348,0.09077196545251773,-0.03470578055855926,0.2107503088919895,0.568
VALIDATION,10:30,PERSIST_2,REST,120,939,125,0.13525276785338364,-0.013727600764277197,0.14898036861766087,-0.010532254197950773,0.3070703664549861,0.536
VALIDATION,10:30,PERSIST_2,BOTTOM50,120,939,125,0.13525276785338364,-0.021887936243636066,0.15714070409701972,-0.023500461978026337,0.34612308868596336,0.52
VALIDATION,10:30,PERSIST_2_CONFIRMED,REST,30,334,117,-0.03226132178796189,-0.05096919172024267,0.01870786993228077,-0.1329228082432968,0.1747384088186179,0.49572649572649574
VALIDATION,10:30,PERSIST_2_CONFIRMED,BOTTOM50,30,334,117,-0.03226132178796189,-0.05896004159752662,0.02669871980956475,-0.13195308479396736,0.18731709165493057,0.47863247863247865
VALIDATION,10:30,PERSIST_2_CONFIRMED,REST,60,334,117,0.005293183961354802,-0.08342059051721433,0.08871377447856912,-0.13380076498697638,0.31296694375867823,0.5128205128205128
VALIDATION,10:30,PERSIST_2_CONFIRMED,BOTTOM50,60,334,117,0.005293183961354802,-0.08841119864741374,0.09370438260876852,-0.12947875181465368,0.32987952112488206,0.5042735042735043
VALIDATION,10:30,PERSIST_2_CONFIRMED,REST,120,334,117,0.20078112160063114,-0.03627641025192011,0.2370575318525512,-0.09066729243933892,0.5547725291358357,0.5213675213675214
VALIDATION,10:30,PERSIST_2_CONFIRMED,BOTTOM50,120,334,117,0.20078112160063114,-0.06284685063481628,0.26362797223544726,-0.03610394297862034,0.572022280306666,0.5128205128205128
VALIDATION,10:30,PERSIST_3,REST,30,774,125,0.004933988091313933,-0.04923454393252043,0.05416853202383436,-0.04567340112755803,0.1535413353396588,0.568
VALIDATION,10:30,PERSIST_3,BOTTOM50,30,774,125,0.004933988091313933,-0.052389861819993,0.057323849911306936,-0.04800938712437211,0.1711106647368032,0.544
VALIDATION,10:30,PERSIST_3,REST,60,774,125,0.026356613257310754,-0.0688832398911931,0.09523985314850388,-0.030383692615477777,0.22192978592373921,0.536
VALIDATION,10:30,PERSIST_3,BOTTOM50,60,774,125,0.026356613257310754,-0.06436987279353348,0.09072648605084425,-0.05008430824606423,0.21286450859299832,0.552
VALIDATION,10:30,PERSIST_3,REST,120,774,125,0.10351986074185025,-0.009416355462878286,0.1129362162047285,-0.04628911350019552,0.2865800901052437,0.576
VALIDATION,10:30,PERSIST_3,BOTTOM50,120,774,125,0.10351986074185025,-0.021887936243636066,0.12540779698548632,-0.06904218508136246,0.30402291941179876,0.56
VALIDATION,10:30,PERSIST_3_CONFIRMED,REST,30,274,113,-0.04767157402378218,-0.05714562360868552,0.009474049584903341,-0.16006370743318854,0.17074091883776718,0.48672566371681414
VALIDATION,10:30,PERSIST_3_CONFIRMED,BOTTOM50,30,274,113,-0.04767157402378218,-0.06632163641680354,0.018650062393021388,-0.14870967944982957,0.19178766815368783,0.48672566371681414
VALIDATION,10:30,PERSIST_3_CONFIRMED,REST,60,274,113,-0.04342819067902805,-0.09202563931387107,0.048597448634843,-0.20429873447024688,0.2978290928722012,0.504424778761062
VALIDATION,10:30,PERSIST_3_CONFIRMED,BOTTOM50,60,274,113,-0.04342819067902805,-0.10019937745327931,0.05677118677425123,-0.1750333757086607,0.31780555937349986,0.504424778761062
VALIDATION,10:30,PERSIST_3_CONFIRMED,REST,120,274,113,0.14845189868369357,-0.006517271850159453,0.15496917053385303,-0.1817916849789133,0.4958036096690656,0.5309734513274337
VALIDATION,10:30,PERSIST_3_CONFIRMED,BOTTOM50,120,274,113,0.14845189868369357,-0.030835249227000094,0.1792871479106937,-0.17963783774916467,0.548608261266835,0.5309734513274337
VALIDATION,11:00,PERSIST_1,REST,30,1285,125,0.010041650901002836,-0.025781124807222455,0.035822775708225306,-0.05748475583573934,0.12701904273026052,0.56
VALIDATION,11:00,PERSIST_1,BOTTOM50,30,1285,125,0.010041650901002836,-0.026457474850783484,0.036499125751786314,-0.06985189486747509,0.13766982583089132,0.56
VALIDATION,11:00,PERSIST_1,REST,60,1285,125,0.030952945897823183,-0.07783104249808237,0.10878398839590554,-0.024214573801217245,0.2422320884157329,0.608
VALIDATION,11:00,PERSIST_1,BOTTOM50,60,1285,125,0.030952945897823183,-0.11290123793955749,0.14385418383738063,-0.0010204273681306535,0.28336351536324184,0.608
VALIDATION,11:00,PERSIST_1,REST,120,1285,125,0.19957594152348515,0.06341138066894172,0.1361645608545435,-0.037624503048552714,0.3249320752613143,0.552
VALIDATION,11:00,PERSIST_1,BOTTOM50,120,1285,125,0.19957594152348515,0.052403342010948165,0.14717259951253703,-0.059390255776103684,0.3441610579968291,0.552
VALIDATION,11:00,PERSIST_1_CONFIRMED,REST,30,461,120,0.11919499347974041,-0.02898224124476563,0.14817723472450603,-0.023315803243976682,0.32614332245051314,0.5416666666666666
VALIDATION,11:00,PERSIST_1_CONFIRMED,BOTTOM50,30,461,120,0.11919499347974041,-0.030927869616654887,0.1501228630963953,-0.030685198760307755,0.3551901082412324,0.5333333333333333
VALIDATION,11:00,PERSIST_1_CONFIRMED,REST,60,461,120,0.07539577302768004,-0.0616062080670069,0.13700198109468692,-0.10109108633210843,0.40407902259604117,0.525
VALIDATION,11:00,PERSIST_1_CONFIRMED,BOTTOM50,60,461,120,0.07539577302768004,-0.10687719923772425,0.18227297226540431,-0.06381783371386238,0.43123453336416323,0.5583333333333333
VALIDATION,11:00,PERSIST_1_CONFIRMED,REST,120,461,120,0.31078054619244005,0.08157383358727409,0.22920671260516604,-0.08667084491169216,0.5619923412661576,0.55
VALIDATION,11:00,PERSIST_1_CONFIRMED,BOTTOM50,120,461,120,0.31078054619244005,0.06682749549889963,0.24395305069354045,-0.07822421506522839,0.5955728810056301,0.5666666666666667
VALIDATION,11:00,PERSIST_2,REST,30,1023,125,0.008184528881082924,-0.024563619631759317,0.032748148512842204,-0.06313028512973436,0.13024026590409826,0.528
VALIDATION,11:00,PERSIST_2,BOTTOM50,30,1023,125,0.008184528881082924,-0.026457474850783484,0.03464200373186639,-0.07095612634049793,0.14893091775203046,0.552
VALIDATION,11:00,PERSIST_2,REST,60,1023,125,0.027458168158530367,-0.07445868272844157,0.10191685088697192,-0.02918718458858102,0.2438715968318643,0.552
VALIDATION,11:00,PERSIST_2,BOTTOM50,60,1023,125,0.027458168158530367,-0.11290123793955749,0.1403594060980878,-0.00384872702784868,0.28367328338301034,0.6
VALIDATION,11:00,PERSIST_2,REST,120,1023,125,0.21104742271009094,0.06678951520188565,0.1442579075082052,-0.036348225903260506,0.3243179558061015,0.56
VALIDATION,11:00,PERSIST_2,BOTTOM50,120,1023,125,0.21104742271009094,0.052403342010948165,0.1586440806991428,-0.03576034550795946,0.3710968712407706,0.6
VALIDATION,11:00,PERSIST_2_CONFIRMED,REST,30,351,115,0.14795178648521237,-0.0312665889411844,0.17921837542639688,-0.03695346760166713,0.41432976788374093,0.5043478260869565
VALIDATION,11:00,PERSIST_2_CONFIRMED,BOTTOM50,30,351,115,0.14795178648521237,-0.03740271663115002,0.18535450311636256,-0.031892038414128944,0.41661482786673687,0.4956521739130435
VALIDATION,11:00,PERSIST_2_CONFIRMED,REST,60,351,115,0.12157080777345662,-0.0761201327073085,0.19769094048076513,-0.0700410354146768,0.44859599911504244,0.5130434782608696
VALIDATION,11:00,PERSIST_2_CONFIRMED,BOTTOM50,60,351,115,0.12157080777345662,-0.1263000788480003,0.2478708866214569,-0.028216536132124593,0.5227297076090016,0.5565217391304348
VALIDATION,11:00,PERSIST_2_CONFIRMED,REST,120,351,115,0.3513037988320249,0.07706387305672269,0.27423992577530215,-0.07856810565798346,0.6080062869584051,0.5478260869565217
VALIDATION,11:00,PERSIST_2_CONFIRMED,BOTTOM50,120,351,115,0.3513037988320249,0.05374147223720656,0.29756232659481835,-0.09257635046183291,0.697132492274245,0.5652173913043478
VALIDATION,11:00,PERSIST_3,REST,30,800,125,0.030076149036027573,-0.025567735430255478,0.05564388446628306,-0.049990250530410986,0.1610888485574714,0.536
VALIDATION,11:00,PERSIST_3,BOTTOM50,30,800,125,0.030076149036027573,-0.026457474850783484,0.05653362388681107,-0.056436335469956384,0.15991032915424835,0.544
VALIDATION,11:00,PERSIST_3,REST,60,800,125,0.04736569148001369,-0.07425354965153204,0.12161924113154575,-0.0229285122747487,0.25638607804488167,0.552
VALIDATION,11:00,PERSIST_3,BOTTOM50,60,800,125,0.04736569148001369,-0.11290123793955749,0.16026692941957116,0.014639697313341417,0.3107751356354393,0.592
VALIDATION,11:00,PERSIST_3,REST,120,800,125,0.20252328084153234,0.06974754929649728,0.13277573154503505,-0.059222693141600016,0.3423681999622256,0.52
VALIDATION,11:00,PERSIST_3,BOTTOM50,120,800,125,0.20252328084153234,0.052403342010948165,0.1501199388305842,-0.08572532665109667,0.36389156639174114,0.576
VALIDATION,11:00,PERSIST_3_CONFIRMED,REST,30,276,109,0.19885995393031664,-0.03207705132503062,0.23093700525534736,0.001850015347227539,0.47684914004301754,0.5045871559633027
VALIDATION,11:00,PERSIST_3_CONFIRMED,BOTTOM50,30,276,109,0.19885995393031664,-0.03234680828366259,0.23120676221397923,-0.017783353729390126,0.4637047649948931,0.4954128440366973
VALIDATION,11:00,PERSIST_3_CONFIRMED,REST,60,276,109,0.2435936261550583,-0.08466923291298316,0.3282628590680415,0.04904996727533165,0.6175977584068275,0.5504587155963303
VALIDATION,11:00,PERSIST_3_CONFIRMED,BOTTOM50,60,276,109,0.2435936261550583,-0.13055165267200267,0.37414527882706106,0.07347612309339459,0.6766683809058669,0.5871559633027523
VALIDATION,11:00,PERSIST_3_CONFIRMED,REST,120,276,109,0.4887927563378591,0.05368606997649555,0.43510668636136346,0.040129056418258306,0.8713449150885428,0.5504587155963303
VALIDATION,11:00,PERSIST_3_CONFIRMED,BOTTOM50,120,276,109,0.4887927563378591,0.04327808429548878,0.4455146720423704,0.028499386053932308,0.8620826987683897,0.5596330275229358
VALIDATION,12:00,PERSIST_1,REST,30,1285,125,0.11157961627576143,0.1381601594413483,-0.026580543165586855,-0.12236865619028342,0.08486493734926816,0.456
VALIDATION,12:00,PERSIST_1,BOTTOM50,30,1285,125,0.11157961627576143,0.15398645220325416,-0.042406835927492705,-0.15436373036453005,0.0821308466423763,0.472
VALIDATION,12:00,PERSIST_1,REST,60,1285,125,0.17719728292979547,0.15596382257107205,0.02123346035872341,-0.12071484278352183,0.16997667656801763,0.52
VALIDATION,12:00,PERSIST_1,BOTTOM50,60,1285,125,0.17719728292979547,0.18197497555508965,-0.004777692625294185,-0.1518114018793949,0.1473644981806197,0.472
VALIDATION,12:00,PERSIST_1,REST,120,1285,125,-0.0616696420325029,-0.004922168838186717,-0.056747473194316174,-0.2514000443336712,0.1496797400522733,0.44
VALIDATION,12:00,PERSIST_1,BOTTOM50,120,1285,125,-0.0616696420325029,0.051845816412963444,-0.11351545844546637,-0.33020187885530927,0.11452255967606387,0.416
VALIDATION,12:00,PERSIST_1_CONFIRMED,REST,30,385,114,0.12264530115011686,0.14968249693601612,-0.02703719578589921,-0.21130789308459424,0.169454514161243,0.45614035087719296
VALIDATION,12:00,PERSIST_1_CONFIRMED,BOTTOM50,30,385,114,0.12264530115011686,0.17086622411375343,-0.04822092296363658,-0.2524535493706066,0.15118580757291733,0.47368421052631576
VALIDATION,12:00,PERSIST_1_CONFIRMED,REST,60,385,114,0.19567700068296653,0.20653382836390416,-0.010856827680937608,-0.26342082849812887,0.241314602921204,0.47368421052631576
VALIDATION,12:00,PERSIST_1_CONFIRMED,BOTTOM50,60,385,114,0.19567700068296653,0.2388030074063188,-0.04312600672335224,-0.310733500169593,0.22872645744704465,0.49122807017543857
VALIDATION,12:00,PERSIST_1_CONFIRMED,REST,120,385,114,0.03831219073910322,0.02562467772185752,0.012687513017245678,-0.3429628492473366,0.38319965759067126,0.4824561403508772
VALIDATION,12:00,PERSIST_1_CONFIRMED,BOTTOM50,120,385,114,0.03831219073910322,0.09527679758116916,-0.05696460684206598,-0.4331193843096658,0.3279152261099996,0.4473684210526316
VALIDATION,12:00,PERSIST_2,REST,30,971,125,0.1624383497299923,0.13506872982368168,0.02736961990631061,-0.08683785288826491,0.1377447811815727,0.552
VALIDATION,12:00,PERSIST_2,BOTTOM50,30,971,125,0.1624383497299923,0.15398645220325416,0.008451897526738155,-0.11092055677898974,0.12684577771624572,0.544
VALIDATION,12:00,PERSIST_2,REST,60,971,125,0.2580401082570099,0.15304399814210462,0.10499611011490524,-0.05625149209629165,0.28222668476072743,0.576
VALIDATION,12:00,PERSIST_2,BOTTOM50,60,971,125,0.2580401082570099,0.18197497555508965,0.07606513270192022,-0.0949769085049309,0.24653054535246535,0.576
VALIDATION,12:00,PERSIST_2,REST,120,971,125,0.003172893583908651,-0.007924138439182556,0.01109703202309116,-0.2122708719269511,0.25036237258409405,0.44
VALIDATION,12:00,PERSIST_2,BOTTOM50,120,971,125,0.003172893583908651,0.051845816412963444,-0.048672922829054804,-0.3202628606533723,0.2352422870314403,0.424
VALIDATION,12:00,PERSIST_2_CONFIRMED,REST,30,279,106,0.20303483210152834,0.15319650366665222,0.049838328434876095,-0.1765563580776245,0.2640464931451483,0.5188679245283019
VALIDATION,12:00,PERSIST_2_CONFIRMED,BOTTOM50,30,279,106,0.20303483210152834,0.16934682124044137,0.03368801086108697,-0.2011565411287432,0.25351363199583515,0.5094339622641509
VALIDATION,12:00,PERSIST_2_CONFIRMED,REST,60,279,106,0.33668165305923253,0.22250432637468406,0.11417732668454852,-0.16588143886250803,0.4078731705544646,0.4811320754716981
VALIDATION,12:00,PERSIST_2_CONFIRMED,BOTTOM50,60,279,106,0.33668165305923253,0.2579544560049817,0.07872719705425088,-0.1917987775521802,0.3714360682592487,0.5
VALIDATION,12:00,PERSIST_2_CONFIRMED,REST,120,279,106,0.1208330145402772,0.022853347616090106,0.0979796669241871,-0.3180206098159213,0.5213312325547055,0.4811320754716981
VALIDATION,12:00,PERSIST_2_CONFIRMED,BOTTOM50,120,279,106,0.1208330145402772,0.09521786353805353,0.025615151002223696,-0.41397157837269793,0.4714722945251783,0.4716981132075472
VALIDATION,12:00,PERSIST_3,REST,30,825,125,0.1885200448301013,0.13429817903629124,0.05422186579381001,-0.07147231807430034,0.17960148109768412,0.536
VALIDATION,12:00,PERSIST_3,BOTTOM50,30,825,125,0.1885200448301013,0.15398645220325416,0.034533592626847166,-0.10551781820968167,0.1823465887593848,0.512
VALIDATION,12:00,PERSIST_3,REST,60,825,125,0.29783438892090563,0.1528356675082779,0.1449987214126277,-0.04901761611086091,0.34986251111427064,0.52
VALIDATION,12:00,PERSIST_3,BOTTOM50,60,825,125,0.29783438892090563,0.18197497555508965,0.11585941336581597,-0.07232273705171312,0.30863414466446837,0.56
VALIDATION,12:00,PERSIST_3,REST,120,825,125,0.04000423635907501,-0.007504092120851663,0.047508328479926656,-0.20570812688999174,0.31910821196892464,0.464
VALIDATION,12:00,PERSIST_3,BOTTOM50,120,825,125,0.04000423635907501,0.051845816412963444,-0.011841580053888454,-0.2932575350734644,0.29071786387544307,0.448
VALIDATION,12:00,PERSIST_3_CONFIRMED,REST,30,235,102,0.18980325947506504,0.16122938371965234,0.028573875755412766,-0.21809010113047464,0.28755396532126176,0.49019607843137253
VALIDATION,12:00,PERSIST_3_CONFIRMED,BOTTOM50,30,235,102,0.18980325947506504,0.17706190178789627,0.012741357687168884,-0.2441288871945155,0.27629764967115406,0.4803921568627451
VALIDATION,12:00,PERSIST_3_CONFIRMED,REST,60,235,102,0.3522208627327726,0.21959148029423264,0.13262938243854,-0.18904616854292103,0.47334268995999856,0.4803921568627451
VALIDATION,12:00,PERSIST_3_CONFIRMED,BOTTOM50,60,235,102,0.3522208627327726,0.2551021496778838,0.09711871305488881,-0.235792156360481,0.4087727349949741,0.49019607843137253
VALIDATION,12:00,PERSIST_3_CONFIRMED,REST,120,235,102,0.17636390446183423,0.040325592472816175,0.13603831198901808,-0.3275999401003211,0.6089272003031536,0.46078431372549017
VALIDATION,12:00,PERSIST_3_CONFIRMED,BOTTOM50,120,235,102,0.17636390446183423,0.11328905921202255,0.06307484524981166,-0.39305569878472313,0.5371809715460919,0.45098039215686275
