split,confirmation,exit_mode,horizon_min,trades,win_rate,gross_expectancy_r,net_expectancy_r,net_ci_low,net_ci_high,avg_net_pct_1l,avg_net_pnl_1l,median_net_pnl_1l,avg_charges_1l,stop_rate
DEV,ABOVE_OR,STOP1R_TIME,30,461,0.37093275488069416,-0.01892295008308855,-0.19090188734892566,-0.29038819403689176,-0.09637735850575399,-0.07034343288116456,-70.34343288116455,-139.00381942473658,70.32953221282587,0.2754880694143167
DEV,ABOVE_OR,STOP1R_TIME,60,447,0.37360178970917224,0.03922010337470703,-0.13059934905071824,-0.2587297898443356,-0.00020948116555742223,-0.047290998889747984,-47.29099888974798,-186.53042668283146,69.96468525065352,0.37583892617449666
DEV,ABOVE_OR,STOP1R_TIME,120,415,0.3686746987951807,0.019058380687270046,-0.14484851526135023,-0.29009370666210854,0.005832383950407407,-0.055922400224244655,-55.92240022424467,-384.39570719968714,69.11981391222558,0.4939759036144578
DEV,ABOVE_OR,TIME,30,461,0.3926247288503254,0.015171337528513032,-0.1568184447875065,-0.2608798263324962,-0.05292132005756099,-0.05314837799401585,-53.14837799401586,-115.55598911577583,70.33503496799399,0.0
DEV,ABOVE_OR,TIME,60,447,0.4250559284116331,0.09952721009806448,-0.07030996922981654,-0.20547104009817474,0.07574842395135262,-0.022675194294599466,-22.67519429459947,-82.31057921610739,69.97207153174439,0.0
DEV,ABOVE_OR,TIME,120,415,0.4650602409638554,0.1601473390595658,-0.0037965814968510024,-0.20778894675172285,0.22135349515668287,-0.0005812762362798555,-0.581276236279847,-91.39602701982673,69.13418839291447,0.0
DEV,ABOVE_OR_VWAP,STOP1R_TIME,30,459,0.37254901960784315,-0.01484646154390601,-0.18650792534346197,-0.2788236001746379,-0.07794078804211196,-0.06879978076756639,-68.79978076756639,-136.69117456216557,70.2786921607413,0.27450980392156865
DEV,ABOVE_OR_VWAP,STOP1R_TIME,60,445,0.3752808988764045,0.043011900031094515,-0.12647019245874289,-0.24891888209743862,-0.0037206551786591437,-0.0457851164563192,-45.785116456319194,-172.38556055657293,69.9105515931646,0.3752808988764045
DEV,ABOVE_OR_VWAP,STOP1R_TIME,120,413,0.3704600484261501,0.02470733983998278,-0.13880790009180113,-0.2829244629300412,0.025856674963760044,-0.05387372853092795,-53.87372853092795,-381.6321327701003,69.05752845885496,0.4915254237288136
DEV,ABOVE_OR_VWAP,TIME,30,459,0.39433551198257083,0.018305253226406994,-0.15336679056815328,-0.2508869447605779,-0.04258487308214574,-0.051980898618465374,-51.98089861846538,-114.34435898553741,70.28408974047822,0.0
DEV,ABOVE_OR_VWAP,TIME,60,445,0.42696629213483145,0.10367197452734858,-0.06582794798536594,-0.20695656786291441,0.08460616393105501,-0.02102480968942613,-21.024809689426142,-64.522785072845,69.91798076808627,0.0
DEV,ABOVE_OR_VWAP,TIME,120,413,0.46731234866828086,0.16312833858983058,-0.0004231460453490947,-0.21118083123585205,0.23441445032753877,0.00062961502353098,0.6296150235309954,-86.3043986786125,69.07165595710667,0.0
DEV,DELAY_ONLY,STOP1R_TIME,30,520,0.3557692307692308,-0.07233809767441512,-0.24106624786811537,-0.32767167991573,-0.1473724531481111,-0.0952163100045477,-95.2163100045477,-166.477144408676,69.67306571407612,0.3019230769230769
DEV,DELAY_ONLY,STOP1R_TIME,60,506,0.35968379446640314,-0.02212200504791979,-0.18885499609017023,-0.29679235892397443,-0.060346652598305205,-0.07407423086940591,-74.07423086940592,-231.27113939656186,69.33415845619244,0.40711462450592883
DEV,DELAY_ONLY,STOP1R_TIME,120,471,0.35456475583864117,-0.031874705393665284,-0.19274414237820336,-0.32518018645015917,-0.05156905496981082,-0.07859048811294507,-78.59048811294508,-410.0114430071816,68.47488379868868,0.5095541401273885
DEV,DELAY_ONLY,TIME,30,520,0.3769230769230769,-0.053332801112597396,-0.22206560925499472,-0.31911474664734385,-0.13067541550010675,-0.08455446889262527,-84.55446889262527,-134.26243961717103,69.67583065224922,0.0
DEV,DELAY_ONLY,TIME,60,506,0.40711462450592883,0.01610046933855011,-0.15064058678780504,-0.2769119240260791,-0.011328243998638396,-0.059746083917432934,-59.746083917432934,-124.69090840485964,69.33698888779706,0.0
DEV,DELAY_ONLY,TIME,120,471,0.44798301486199577,0.07093551949101698,-0.08995591704780782,-0.2748777303175128,0.10505202234567285,-0.04021995913287379,-40.21995913287378,-119.5922022923201,68.48249365517489,0.0
VALIDATION,ABOVE_OR,STOP1R_TIME,30,111,0.44144144144144143,0.06937339716347027,-0.10035553228858245,-0.2960431181605248,0.08760259702292225,-0.017933785670309083,-17.933785670309092,-64.05945129250169,71.44198868770782,0.24324324324324326
VALIDATION,ABOVE_OR,STOP1R_TIME,60,109,0.45871559633027525,0.1279703672367036,-0.04097118427312863,-0.24185369310470547,0.17984696529192334,0.00535323930412812,5.35323930412811,-34.75531140926121,71.25379596129575,0.27522935779816515
VALIDATION,ABOVE_OR,STOP1R_TIME,120,108,0.4074074074074074,0.17605613196691067,0.007034404646325102,-0.28139903827797225,0.32057913518425285,0.018896270484913383,18.896270484913387,-116.11139253609718,71.17367665376449,0.37037037037037035
VALIDATION,ABOVE_OR,TIME,30,111,0.46846846846846846,0.06366173791550352,-0.10606909717939549,-0.32259560114116903,0.10300754080413878,-0.016453508955996992,-16.45350895599699,-30.89779081856352,71.44400652357339,0.0
VALIDATION,ABOVE_OR,TIME,60,109,0.4954128440366973,0.0739914778356816,-0.09493422289017762,-0.3729149083449692,0.16826999612738194,-0.012258863202639286,-12.258863202639285,-4.177118402060287,71.24842723934509,0.0
VALIDATION,ABOVE_OR,TIME,120,108,0.4444444444444444,0.05045474769058101,-0.11852071247162256,-0.4675659233109201,0.2369377979171123,-0.031002883084376428,-31.002883084376453,-71.24117650786549,71.15438086216312,0.0
VALIDATION,ABOVE_OR_VWAP,STOP1R_TIME,30,110,0.44545454545454544,0.07926159335434833,-0.09165322809068148,-0.2667190307462824,0.10314478973274357,-0.013356122107584486,-13.356122107584493,-56.21387326898127,71.91538635566089,0.23636363636363636
VALIDATION,ABOVE_OR_VWAP,STOP1R_TIME,60,108,0.46296296296296297,0.13858424270957231,-0.03155787121956791,-0.23537048348863798,0.2170149028755971,0.01023129501592573,10.231295015925722,-29.227834337791094,71.73421772748486,0.26851851851851855
VALIDATION,ABOVE_OR_VWAP,STOP1R_TIME,120,107,0.411214953271028,0.18721860220803238,0.01698434295197008,-0.2764461005921029,0.3245511952550523,0.023946485887295907,23.94648588729589,-113.96689356047946,71.65783956442705,0.3644859813084112
VALIDATION,ABOVE_OR_VWAP,TIME,30,110,0.4727272727272727,0.07757444250616993,-0.09334491174385366,-0.28922258919936855,0.11373132427347564,-0.009853702735727287,-9.853702735727285,-28.526815204721963,71.91870937209984,0.0
VALIDATION,ABOVE_OR_VWAP,TIME,60,108,0.5,0.09050979270079622,-0.0796204238413231,-0.3409903277837365,0.21474919347208976,-0.004388154487115357,-4.388154487115366,-0.11217370943406024,71.73082096860546,0.0
VALIDATION,ABOVE_OR_VWAP,TIME,120,107,0.4485981308411215,0.06645279557076327,-0.10373861151200242,-0.451977738166763,0.25828443794866457,-0.023457837484973307,-23.45783748497332,-67.17971895780725,71.6402604756365,0.0
VALIDATION,DELAY_ONLY,STOP1R_TIME,30,139,0.39568345323741005,-0.05604709952679638,-0.22241786256035512,-0.38306888095027064,-0.0669743982273345,-0.07539278198736088,-75.39278198736089,-91.93779805165153,70.3335606265564,0.302158273381295
VALIDATION,DELAY_ONLY,STOP1R_TIME,60,136,0.4117647058823529,0.00028626915321154715,-0.16413763975246395,-0.3379893963031071,0.0413230015242119,-0.05378309206973211,-53.7830920697321,-62.18391984064464,70.08119023069543,0.3382352941176471
VALIDATION,DELAY_ONLY,STOP1R_TIME,120,135,0.362962962962963,0.05860106335154563,-0.10586530017305411,-0.36218334695376325,0.13968017316914003,-0.03312366446192065,-33.12366446192066,-204.6246965776752,70.01422225404663,0.4148148148148148
VALIDATION,DELAY_ONLY,TIME,30,139,0.43884892086330934,-0.05003866769399047,-0.21641826572100553,-0.40941512718390427,-0.05244974987424227,-0.06741842882519615,-67.41842882519613,-65.0662419610523,70.339276954701,0.0
VALIDATION,DELAY_ONLY,TIME,60,136,0.45588235294117646,-0.03472201015398266,-0.19914364894802328,-0.4369915633392842,0.053138037321740224,-0.061742229651098046,-61.74222965109806,-45.99990570015635,70.08268935698909,0.0
VALIDATION,DELAY_ONLY,TIME,120,135,0.4074074074074074,-0.03666395225777198,-0.20109266253173683,-0.5039866173606867,0.1098145622707213,-0.07998523912842832,-79.98523912842833,-88.25168890082738,69.99580642473319,0.0
