trend,max_vwap_extension_pct,max_or_extension_atr,rvol_min,max_vwap_extension_pct_dev,max_vwap_extension_pct_validation,max_or_extension_atr_dev,max_or_extension_atr_validation,trades_dev,trades_validation,wins_dev,wins_validation,win_rate_dev,win_rate_validation,profit_factor_dev,profit_factor_validation,expectancy_r_dev,expectancy_r_validation,expectancy_ci_low_dev,expectancy_ci_low_validation,expectancy_ci_high_dev,expectancy_ci_high_validation,gross_pnl_dev,gross_pnl_validation,charges_dev,charges_validation,net_pnl_dev,net_pnl_validation,return_pct_dev,return_pct_validation,max_drawdown_pct_dev,max_drawdown_pct_validation,avg_mfe_r_dev,avg_mfe_r_validation,avg_mae_r_dev,avg_mae_r_validation,passes_min_trades,positive_both,ci_positive_both,robust_gate,worst_split_expectancy_r,total_trades_dev_validation
OFF,,0.5,3.0,,,0.5,0.5,202,85,78,31,0.38613861386138615,0.36470588235294116,0.8222270471565735,0.7805094435389823,-0.11650105651041313,-0.1477677300429526,-0.2798661126222173,-0.4234978947431125,0.05639796716615999,0.13530905374066715,-22152.16320674584,-14209.989409649646,36064.65475118655,16956.717439243483,-58216.81795793239,-31166.70684889312,-11.643363591586478,-6.233341369778624,-14.623556781856617,-7.613899467069943,1.0837382846677974,1.0223197519347267,-0.875429761523659,-0.8473237823928508,True,False,False,False,-0.1477677300429526,287
OFF,,,1.5,,,,,686,151,259,53,0.37755102040816324,0.3509933774834437,0.8165212813942422,0.781459622273169,-0.12952240331934287,-0.15668548296180307,-0.23209512136945676,-0.3633029067589641,-0.030811185628550623,0.06071500388618151,-74529.50691007919,-25674.7061756954,145658.51964829623,32215.447426731596,-220188.02655837534,-57890.15360242699,-44.037605311675065,-11.578030720485398,-46.56842881248431,-11.50914266756351,1.1160338618470456,1.154049332089267,-0.9237207089154327,-0.88478600819577,True,False,False,False,-0.15668548296180307,837
OFF,1.0,0.25,1.5,1.0,1.0,0.25,0.25,248,80,89,29,0.3588709677419355,0.3625,0.7641312143455433,0.7786892593508369,-0.16263054034758667,-0.15018643631773795,-0.32455299276903676,-0.41842110695336465,0.004303106502210985,0.1692991047122507,-50735.00056800577,-13257.632306181784,49562.53006597441,16413.41565821551,-100297.53063398018,-29671.0479643973,-20.059506126796034,-5.93420959287946,-21.726609107388644,-6.432126053127332,1.047670149091639,1.07616818325018,-0.885778059214275,-0.8173285380338381,True,False,False,False,-0.16263054034758667,328
OFF,1.0,0.25,3.0,1.0,1.0,0.25,0.25,116,60,40,24,0.3448275862068966,0.4,0.7396486179193674,0.9104314126665723,-0.1776827658090883,-0.05736149650745026,-0.4004052921922347,-0.35767316118872755,0.04456130079204394,0.2630829814996919,-30215.840521851984,3591.7002373258247,20998.67005505796,11820.545676537191,-51214.510576909925,-8228.84543921136,-10.242902115381986,-1.6457690878422722,-13.857480323551005,-3.558296504875179,1.0258748606570864,1.0954949895080923,-0.8557640785396301,-0.7921357255038459,True,False,False,False,-0.1776827658090883,176
OFF,,0.25,1.5,,,0.25,0.25,274,83,98,29,0.35766423357664234,0.3493975903614458,0.7519250243707257,0.7393950411979519,-0.17190705118622635,-0.17888366065524933,-0.3255144174438255,-0.45141254059533065,-0.024127109208908336,0.08613631518614487,-62420.109923187185,-20144.084052303202,54171.93565253429,16589.84672727298,-116592.0455757215,-36733.93077957619,-23.3184091151443,-7.346786155915239,-24.054008293342658,-8.079384290518965,1.0458909472162357,1.0386962406752662,-0.8915271178739652,-0.8355139952101871,True,False,False,False,-0.17888366065524933,357
OFF,,0.25,3.0,,,0.25,0.25,134,63,46,24,0.34328358208955223,0.38095238095238093,0.7194787866519382,0.8449191164468225,-0.19337923702418805,-0.09958627688153313,-0.4074402849111381,-0.4038022683917236,0.031358841362061865,0.2316248569455453,-40161.16488132666,-3321.277580811663,23876.257866931504,11998.697860126902,-64037.42274825815,-15319.975440938562,-12.80748454965163,-3.0639950881877125,-14.331740841049442,-4.69663343609059,1.0160218262976526,1.0452068680399724,-0.8714855591648281,-0.8172940014280831,True,False,False,False,-0.19337923702418805,197
ON,0.75,0.25,3.0,0.75,0.75,0.25,0.25,60,36,21,12,0.35,0.3333333333333333,0.8533375348221206,0.7159146543716013,-0.09759485052673748,-0.19357116938210878,-0.4204832924779865,-0.6162028303346363,0.24013147443120614,0.18590881300542436,-3319.356849710693,-9876.651222493752,11174.798975762355,7224.1688672330665,-14494.155825473059,-17100.820089726818,-2.898831165094612,-3.4201640179453636,-7.415556439647175,-5.710537610723301,1.074445081419927,1.0280737118092411,-0.8725945928223713,-0.8127393903037663,True,False,False,False,-0.19357116938210878,96
OFF,1.0,,1.5,1.0,1.0,,,608,145,237,49,0.38980263157894735,0.33793103448275863,0.8350574948498122,0.724480075933529,-0.11369519142694645,-0.2011995832585708,-0.21081120079894322,-0.422976373601998,-0.008814848839009775,0.006007767843178486,-41559.941178060784,-40189.96727313815,130144.75814297228,31342.080589780802,-171704.69932103308,-71532.04786291896,-34.34093986420662,-14.306409572583792,-41.18484751156809,-14.047180145638166,1.0912631296183164,1.1052212879943317,-0.9125945059869219,-0.877471356547,True,False,False,False,-0.2011995832585708,753
OFF,,0.5,1.5,,,0.5,0.5,402,112,153,38,0.3805970149253731,0.3392857142857143,0.7977728184388166,0.713539435049086,-0.13728847039855657,-0.2065386373258995,-0.26335786251521454,-0.42874556042683576,-0.006503308815542861,0.04261692795429094,-57538.26785959696,-33957.842930732026,79267.40231628751,23410.112362116735,-136805.67017588444,-57367.955292848754,-27.36113403517689,-11.47359105856975,-35.07116836200845,-12.454681731314553,1.074175163678303,1.0287256339172195,-0.8985799151954739,-0.8790915142108872,True,False,False,False,-0.2065386373258995,514
OFF,1.0,0.5,3.0,1.0,1.0,0.5,0.5,173,80,66,27,0.3815028901734104,0.3375,0.7883357823967637,0.6982361038911354,-0.1397570643667635,-0.21060367720679238,-0.3311248541907327,-0.4848146663765032,0.042571440057661156,0.07799204990212756,-28120.639590579216,-25270.60478041586,31915.333396476475,16419.028854141856,-60035.97298705569,-41689.633634557715,-12.00719459741114,-8.337926726911544,-16.487046626721423,-9.477141023298802,1.0302790974094842,1.032789070875317,-0.8925268994731056,-0.8416286415475156,True,False,False,False,-0.21060367720679238,253
OFF,0.75,0.5,1.5,0.75,0.75,0.5,0.5,316,95,113,32,0.3575949367088608,0.3368421052631579,0.7246841298164193,0.7101546255591695,-0.19515897819793737,-0.21199826470255598,-0.3335033657726831,-0.4742961241342666,-0.055744025906359296,0.04207072753440339,-88925.73646081038,-29126.04008415422,64519.39268348433,20729.872015637862,-153445.1291442947,-49855.9120997921,-30.68902582885894,-9.97118241995842,-37.171777148318164,-9.818326403539023,1.011631197889307,1.0507146290055214,-0.9301389065896264,-0.8607318851352227,True,False,False,False,-0.21199826470255598,411
OFF,0.75,0.5,3.0,0.75,0.75,0.5,0.5,146,69,50,25,0.3424657534246575,0.36231884057971014,0.6869582497379897,0.7737410838723331,-0.21970316012379457,-0.1546011402133716,-0.4162069498494997,-0.4566781816827001,-0.00815133149331931,0.1585681601688492,-52248.00692619725,-11945.543585567966,27531.568959253887,14406.927226392958,-79779.57588545112,-26352.470811960928,-15.955915177090224,-5.270494162392185,-20.55580690801572,-7.204224187499387,0.9661320260033012,1.067832053316256,-0.9208319440787385,-0.8124377040437141,True,False,False,False,-0.21970316012379457,215
OFF,,,3.0,,,,,520,139,188,48,0.36153846153846153,0.34532374100719426,0.7448173576415503,0.6889949355766923,-0.18295464627297306,-0.2246855952861793,-0.2868053470055604,-0.43839363800888326,-0.06059886088370652,0.004021610211229183,-124389.25539242229,-47912.96853309098,111851.29842570199,29338.474658184397,-236240.55381812423,-77251.44319127536,-47.248110763624844,-15.450288638255072,-47.22580962061072,-16.000849894760222,1.1146872815650206,1.1085118740460662,-0.9565298747480756,-0.9032651222084219,True,False,False,False,-0.2246855952861793,659
OFF,0.75,,1.5,0.75,0.75,,,539,133,197,45,0.3654916512059369,0.3383458646616541,0.7581463945388864,0.6887235278795797,-0.17428279951802733,-0.23051680428134663,-0.2792544085298968,-0.4466179883214592,-0.06370873394307988,-0.0002653899631091126,-113191.37958061004,-46261.278689890256,120331.10374371079,29246.74928678786,-233522.4833243208,-75508.02797667812,-46.704496664864166,-15.101605595335624,-51.84397370864626,-14.653062531575001,1.042506392110904,1.0618155427813882,-0.9296324508501514,-0.8893156870490473,True,False,False,False,-0.23051680428134663,672
ON,0.75,0.25,1.5,0.75,0.75,0.25,0.25,127,43,40,14,0.31496062992125984,0.32558139534883723,0.6713398725938206,0.6987805183556967,-0.2415203911131372,-0.21280655736326223,-0.45000732123646825,-0.6096557503761939,-0.017697034334935437,0.16500729968016414,-50754.81144918807,-13741.271558732522,25428.654000968425,8785.920718912233,-76183.46545015652,-22527.19227764475,-15.236693090031306,-4.5054384555289495,-16.91517892376846,-6.457226845234991,0.9837877012764084,0.9122107649118435,-0.9323087259677483,-0.8199448648235877,True,False,False,False,-0.2415203911131372,170
OFF,0.75,0.25,1.5,0.75,0.75,0.25,0.25,219,71,71,27,0.3242009132420091,0.38028169014084506,0.6583551166303986,0.8445748546196619,-0.25017571689731744,-0.10459808761556144,-0.41852842328183193,-0.4033718277041812,-0.07898669579774589,0.19404336404998743,-91713.73370228674,-3145.8470136840974,44789.823391818165,14915.45101709179,-136503.5570941049,-18061.298030775888,-27.300711418820985,-3.612259606155178,-28.740305158785457,-5.079393854402529,0.9915719763417582,1.0755294911701343,-0.9224803689146874,-0.7946050421518172,True,False,False,False,-0.25017571689731744,290
OFF,1.0,0.5,1.5,1.0,1.0,0.5,0.5,363,107,138,34,0.38016528925619836,0.3177570093457944,0.7830459705417104,0.6541241721099118,-0.1477385479928424,-0.25618421771994326,-0.28332426138073086,-0.5047250317995645,-0.018230370089484308,-0.01068471235358864,-60610.44627522327,-45083.62760380718,72782.33598461813,22865.068869938572,-133392.7822598414,-67948.69647374575,-26.678556451968277,-13.589739294749148,-35.14541166046739,-14.329554655187987,1.0475009114987084,1.0357466151120445,-0.9077113999026042,-0.8763628210087897,True,False,False,False,-0.25618421771994326,470
ON,1.0,0.25,3.0,1.0,1.0,0.25,0.25,69,43,26,13,0.37681159420289856,0.3023255813953488,0.9369361718329361,0.6307168671269797,-0.04143153743492341,-0.2630537508667658,-0.3494064059996977,-0.6299743543725657,0.263001485286314,0.10050406725192078,5717.445603357284,-19745.099334391834,12542.461549857298,8181.178574017861,-6825.0159465000215,-27926.277908409695,-1.3650031893000043,-5.585255581681939,-5.607205623422384,-6.296631430744581,1.119107252639396,0.9630985185538018,-0.8322656005913444,-0.8659351085950103,True,False,False,False,-0.2630537508667658,112
ON,1.0,0.25,1.5,1.0,1.0,0.25,0.25,141,50,49,15,0.3475177304964539,0.3,0.7756777393489509,0.6340209438719355,-0.15584011677428158,-0.26523320654923016,-0.3735017648196061,-0.5996449431087489,0.08185878026409568,0.09976773728296172,-26570.697459194136,-23010.566131357416,27834.56197930737,9811.514210365307,-54405.25943850151,-32822.08034172273,-10.881051887700302,-6.564416068344546,-14.160382106586859,-7.52390397294002,1.05201002697473,0.9194774897471056,-0.8962981606622378,-0.8535990371008307,True,False,False,False,-0.26523320654923016,191
OFF,0.75,0.25,3.0,0.75,0.75,0.25,0.25,94,52,29,22,0.30851063829787234,0.4230769230769231,0.6345815769547013,1.0123247489528042,-0.26610911658247705,0.004372210225883039,-0.51343765811184,-0.36995489172796847,-0.0036030444769132243,0.3395441215158986,-44362.92495289461,11521.734017309587,17887.168215465495,10579.896911222842,-62250.0931683601,941.8371060867378,-12.45001863367202,0.18836742121734756,-16.522464087920252,-4.026735610957243,0.9596523757165525,1.150325752320751,-0.8979253054864299,-0.7507530024091432,True,False,False,False,-0.26610911658247705,146
ON,,,1.5,,,,,343,107,121,33,0.35276967930029157,0.308411214953271,0.7263472976242046,0.6483862173474018,-0.20286791751025443,-0.2679843585273355,-0.33767213859784995,-0.5016978959469895,-0.06837857912760435,-0.02918681979058553,-98860.34846412383,-48300.47057746886,72522.36924139321,22594.828374654604,-171382.71770551708,-70895.29895212346,-34.276543541103415,-14.179059790424692,-36.426349427803714,-15.802826421429703,1.0854883702712552,1.0548237508132898,-0.9472603942149117,-0.9196490454989069,True,False,False,False,-0.2679843585273355,450
OFF,1.0,,3.0,1.0,1.0,,,418,133,162,44,0.3875598086124402,0.3308270676691729,0.8122612078812099,0.62548476569811,-0.1295877349959309,-0.2775759883889065,-0.26400189203365043,-0.47432583966559544,-0.0038442318399063225,-0.06537509535467696,-41967.35092026098,-62535.041151507074,91952.41130575031,28635.195631174145,-133919.7622260113,-91170.23678268123,-26.783952445202264,-18.234047356536244,-28.394306211728367,-18.575252474219276,1.0857946928460582,1.0451397508772051,-0.933264782040368,-0.8940437861940594,True,False,False,False,-0.2775759883889065,551
ON,,0.25,1.5,,,0.25,0.25,152,53,50,15,0.32894736842105265,0.2830188679245283,0.7129762179606476,0.5922544836909496,-0.20421212317553467,-0.2996771334365641,-0.3885882305587579,-0.6137958053689361,0.005929636105454736,0.0490760757273855,-47257.26479083504,-29316.833049494824,29529.682873139904,10070.546460364754,-76786.94766397495,-39387.37950985957,-15.35738953279499,-7.8774759019719145,-17.06787778573828,-8.915743781207432,1.0327624666710893,0.8789641579368261,-0.9153635964261526,-0.8724164595270122,True,False,False,False,-0.2996771334365641,205
ON,,0.25,3.0,,,0.25,0.25,78,46,27,13,0.34615384615384615,0.2826086956521739,0.8089220319797777,0.5821124749555083,-0.12843869082666395,-0.3028812833032026,-0.39279803815621966,-0.6252998814635939,0.15977717801970884,0.06729777576952357,-10769.124731819424,-26051.366252529235,13792.786780969338,8440.210824017306,-24561.91151278876,-34491.57707654655,-4.912382302557751,-6.89831541530931,-6.574656854000074,-7.6837039271935765,1.0797336640030786,0.9135752648067389,-0.8656780087374187,-0.8868115254233816,True,False,False,False,-0.3028812833032026,124
ON,,0.5,3.0,,,0.5,0.5,114,61,45,18,0.39473684210526316,0.29508196721311475,0.8743738382424023,0.5906153052392386,-0.08347108812701648,-0.3048181537467443,-0.3106693066119516,-0.6139400886572323,0.16198500068493213,0.02387567955731888,-2085.2428966243433,-34567.43697517626,20919.74274340551,11751.26919198749,-23004.98564002987,-46318.70616716376,-4.600997128005974,-9.263741233432752,-8.690257068300031,-11.19681533860436,1.0983523334901648,0.9084111571132837,-0.8864407215754782,-0.907315058747314,True,False,False,False,-0.3048181537467443,175
ON,0.75,0.5,3.0,0.75,0.75,0.5,0.5,93,47,37,14,0.3978494623655914,0.2978723404255319,0.9198374671361137,0.592622918005615,-0.05199081731180428,-0.30580131747893546,-0.3332122763714129,-0.6561151663988116,0.1995693389840047,0.05460674053288923,5996.958146136782,-26148.09763597322,17736.843541557715,9574.656835167938,-11739.885395420937,-35722.75447114117,-2.3479770790841874,-7.144550894228234,-8.281829625438693,-9.339411917870349,1.0622528115089382,0.9658467114560447,-0.8946204182083135,-0.8588198001607167,True,False,False,False,-0.30580131747893546,140
ON,,,3.0,,,,,265,97,92,30,0.3471698113207547,0.30927835051546393,0.7162293940672771,0.5976732664022673,-0.20999549119551,-0.306699581857327,-0.3552717801400685,-0.5353530316771731,-0.04177346755859893,-0.05156169703683014,-81184.10572385824,-53776.482029835126,56196.32143120558,20119.220292259713,-137380.4271550638,-73895.70232209483,-27.47608543101276,-14.779140464418965,-27.445425558652587,-17.012620171756147,1.111599647509249,1.0327321728181884,-0.9702011626254463,-0.937907008344903,True,False,False,False,-0.306699581857327,362
OFF,0.75,,3.0,0.75,0.75,,,326,117,119,39,0.36503067484662577,0.3333333333333333,0.7174496365529363,0.5877893109647547,-0.20272559390496336,-0.31073173866956677,-0.3498605472757445,-0.5328363514396712,-0.06272011756929058,-0.08397559976062223,-91319.06683244463,-64470.41740278191,73145.60989926793,25708.65252795569,-164464.6767317126,-90179.06993073759,-32.89293534634252,-18.035813986147517,-37.06673153215865,-18.831066701757695,1.002664411133277,1.0047425264478336,-0.9447571666888047,-0.8960539457042002,True,False,False,False,-0.31073173866956677,443
ON,1.0,,1.5,1.0,1.0,,,303,104,117,30,0.38613861386138615,0.28846153846153844,0.8574205717910517,0.5808346417279081,-0.09961622261204059,-0.3256521648915237,-0.24986893055336357,-0.5561269417791002,0.05234446499628547,-0.07314381438704771,-9639.148382497286,-61307.624305315556,64387.64204458736,22392.494467472905,-74026.79042708465,-83700.11877278847,-14.80535808541693,-16.740023754557694,-22.95594112880514,-18.81494684725965,1.1087060261526345,0.9876465287152316,-0.9239303016580258,-0.907098515698896,True,False,False,False,-0.3256521648915237,407
ON,,0.5,1.5,,,0.5,0.5,207,75,75,21,0.36231884057971014,0.28,0.7649503733558746,0.5499148076729077,-0.16389159420430086,-0.3521858977271737,-0.3409525507266209,-0.6241116770316567,0.007722333851514239,-0.0638722430923568,-43377.074349202936,-50273.88231702034,40438.57209377784,15481.405070541836,-83815.6464429808,-65755.28738756219,-16.76312928859616,-13.151057477512436,-20.21414732043242,-15.199210998781995,1.0637534092561927,0.8979336246142617,-0.9147088925923901,-0.9316169171048356,True,False,False,False,-0.3521858977271737,282
ON,1.0,,3.0,1.0,1.0,,,220,93,88,27,0.4,0.2903225806451613,0.8959381875131817,0.532480602854036,-0.0708230197658453,-0.36233834811097754,-0.2522947812733143,-0.6068900284356269,0.1099046325211276,-0.11969989596434465,9659.491626713214,-63833.27275799446,47973.21899420291,19628.99968621205,-38313.727367489686,-83462.2724442065,-7.662745473497937,-16.6924544888413,-12.268913045975227,-18.696002597259177,1.1291584295542398,0.9700118854693235,-0.9450358351996218,-0.9227879851316293,True,False,False,False,-0.36233834811097754,313
ON,0.75,0.5,1.5,0.75,0.75,0.5,0.5,171,61,61,17,0.3567251461988304,0.2786885245901639,0.762341249627275,0.5418179535557407,-0.16803615254050708,-0.36466669109549005,-0.3674043798921678,-0.6816671209832176,0.029494607165576437,-0.01033623048480939,-36933.24613246943,-41974.899621824385,34243.72181646575,13355.845366920303,-71176.96794893518,-55330.74498874468,-14.235393589787037,-11.066148997748936,-17.19973416777501,-12.084973938590963,1.0197500907842556,0.9281310542079119,-0.9303276815468908,-0.9049145380889889,True,False,False,False,-0.36466669109549005,232
ON,1.0,0.5,3.0,1.0,1.0,0.5,0.5,103,57,43,15,0.4174757281553398,0.2631578947368421,0.9947935297448279,0.5180094024956039,-0.005618168289942961,-0.3724096768702785,-0.25827766068508407,-0.6719817130702137,0.2657329756796466,-0.06763879183248948,18675.853481965867,-41391.24368193543,19495.535626588655,11301.96169111874,-819.6821446227871,-52693.205373054174,-0.1639364289245574,-10.538641074610835,-7.681972568653876,-12.225277533279344,1.116239581937532,0.9267952956581074,-0.8841339541897999,-0.8969162204567228,True,False,False,False,-0.3724096768702785,160
ON,0.75,,1.5,0.75,0.75,,,272,93,101,27,0.3713235294117647,0.2903225806451613,0.7919844363675147,0.5226826115526487,-0.14846923619171465,-0.38304899502340817,-0.31276419911174125,-0.6158542589312337,0.002686579993992915,-0.13277838147239246,-40945.84142823734,-67650.70067248364,59028.431605349215,20674.531416263057,-99974.27303358655,-88325.23208874668,-19.99485460671731,-17.665046417749338,-25.982219798327826,-18.831141835081073,1.049479097097134,0.9451910654210707,-0.9212518728306057,-0.9302770845641574,True,False,False,False,-0.38304899502340817,365
ON,1.0,0.5,1.5,1.0,1.0,0.5,0.5,194,71,73,18,0.37628865979381443,0.2535211267605634,0.8246710939053359,0.4929222646427077,-0.11910450953661475,-0.40900096274965253,-0.29310581282499154,-0.6924336704973377,0.06612322775933825,-0.1162541339420371,-18644.1406942185,-57113.66147137954,38588.97133683973,15021.299382942254,-57233.11203105823,-72134.9608543218,-11.446622406211645,-14.426992170864361,-16.47839187342159,-16.23010374468221,1.0698400284421679,0.910435819399409,-0.9106817766568578,-0.9247053126932665,True,False,False,False,-0.40900096274965253,265
ON,0.75,,3.0,0.75,0.75,,,182,81,72,22,0.3956043956043956,0.2716049382716049,0.8393405899445098,0.41646004079600735,-0.10953617508446514,-0.48041751549290784,-0.30332173769648946,-0.7307690733192633,0.08895690729295057,-0.22749520866267053,-9146.39233635255,-79216.57869763594,40410.147777588354,17531.5871310895,-49556.54011394089,-96748.16582872545,-9.911308022788178,-19.349633165745093,-15.514471279894796,-19.834684698479872,1.036328263830032,0.9066596613266533,-0.9494805399847318,-0.9597027372607424,True,False,False,False,-0.48041751549290784,263
