split,snapshot_time,cohort,events,avg_excess_vs_median_pct,avg_rvol,above_vwap_rate,horizon_min,avg_fwd_atr,median_fwd_atr,positive_rate,ci_low,ci_high
DEV,09:45,TOP5,2249,2.33775501528154,3.2355929252331905,0.8811529933481153,15,-0.02014011477852262,-0.04713804713803099,0.4619831036016007,-0.06400595078023093,0.020183000722872192
DEV,09:45,TOP5,2249,2.33775501528154,3.2355929252331905,0.8811529933481153,30,-0.031534767488066724,-0.09512254307207618,0.45264562027567806,-0.08577248712141212,0.02239912392123059
DEV,09:45,TOP5,2249,2.33775501528154,3.2355929252331905,0.8811529933481153,60,-0.04638740481862588,-0.14016629899880498,0.45664739884393063,-0.11381082450027402,0.022489071691759715
DEV,09:45,TOP5,2249,2.33775501528154,3.2355929252331905,0.8811529933481153,120,-0.028266817139468985,-0.18030743664311874,0.45975989328590483,-0.11760933809389877,0.06583442632716122
DEV,09:45,TOP10,4498,1.844616873608094,2.404783454155532,0.8505211798624972,15,-0.044599542372616215,-0.059481583768797766,0.4619831036016007,-0.0743435560545658,-0.016360365290571412
DEV,09:45,TOP10,4498,1.844616873608094,2.404783454155532,0.8505211798624972,30,-0.04567177752656904,-0.10741758241760786,0.4490884837705647,-0.08043343414910913,-0.009069151907410098
DEV,09:45,TOP10,4498,1.844616873608094,2.404783454155532,0.8505211798624972,60,-0.05100983699171769,-0.12832004736542776,0.456425077812361,-0.09948959287030076,0.00154067949041758
DEV,09:45,TOP10,4498,1.844616873608094,2.404783454155532,0.8505211798624972,120,-0.03877620587134995,-0.17222835095264233,0.4573143619386394,-0.10673468909951764,0.0298022226923828
DEV,09:45,TOP20,8995,1.366034017889709,1.7847581013418183,0.79924578527063,15,-0.037973857320996986,-0.04778156996585409,0.4653696498054475,-0.059500181334460646,-0.017274467325913524
DEV,09:45,TOP20,8995,1.366034017889709,1.7847581013418183,0.79924578527063,30,-0.04916482923977903,-0.10287539936101016,0.45403001667593107,-0.07826290297312179,-0.022587894544097313
DEV,09:45,TOP20,8995,1.366034017889709,1.7847581013418183,0.79924578527063,60,-0.05122749491302013,-0.10937499999997113,0.46203446359088385,-0.08770469294979487,-0.01607615396608417
DEV,09:45,TOP20,8995,1.366034017889709,1.7847581013418183,0.79924578527063,120,-0.0419751013873233,-0.15452538631346632,0.4614785992217899,-0.08807659471184447,0.0011006813940633423
DEV,10:00,TOP5,2238,2.4991716834714475,3.057363691682848,0.8743875278396437,15,-0.001490812413674375,-0.02868900646679086,0.47229669347631814,-0.03754862973038909,0.033229706766517576
DEV,10:00,TOP5,2238,2.4991716834714475,3.057363691682848,0.8743875278396437,30,-0.024127191710484407,-0.0860015368852524,0.4548704200178731,-0.0703211394952078,0.022551341651683803
DEV,10:00,TOP5,2238,2.4991716834714475,3.057363691682848,0.8743875278396437,60,0.020931681655389688,-0.07879243638681835,0.46112600536193027,-0.0455957241954196,0.08607198208623763
DEV,10:00,TOP5,2238,2.4991716834714475,3.057363691682848,0.8743875278396437,120,0.00835256714658479,-0.11732645819472126,0.4615728328865058,-0.06947589540593883,0.0819609477175772
DEV,10:00,TOP10,4477,1.9671692543379484,2.3327729627843254,0.8480730674983292,15,-0.005833612555173235,-0.03076923076923792,0.47442483806120167,-0.02926265277585481,0.01796007718300981
DEV,10:00,TOP10,4477,1.9671692543379484,2.3327729627843254,0.8480730674983292,30,-0.03412584498078395,-0.07852564102564658,0.4594594594594595,-0.06413127477697933,-0.0028630372816977425
DEV,10:00,TOP10,4477,1.9671692543379484,2.3327729627843254,0.8480730674983292,60,0.011009309978772064,-0.06760505496764671,0.4690641054277418,-0.03370138597842717,0.053767723326855706
DEV,10:00,TOP10,4477,1.9671692543379484,2.3327729627843254,0.8480730674983292,120,-0.0012063972510897873,-0.1153450051493347,0.4668304668304668,-0.055675672109545674,0.05661572038104042
DEV,10:00,TOP20,8954,1.4572697452976802,1.7547704444843175,0.794674688057041,15,-0.0042820256297027345,-0.034312882262992395,0.47085101630556175,-0.020910056010248926,0.012844198587610484
DEV,10:00,TOP20,8954,1.4572697452976802,1.7547704444843175,0.794674688057041,30,-0.018551881614830543,-0.05864393619813417,0.46761224033951304,-0.04334373978486916,0.0048833636854033
DEV,10:00,TOP20,8954,1.4572697452976802,1.7547704444843175,0.794674688057041,60,0.008579016137914534,-0.06448704551941914,0.4726379271833817,-0.021843430334774823,0.04039254725433316
DEV,10:00,TOP20,8954,1.4572697452976802,1.7547704444843175,0.794674688057041,120,0.002392908711924812,-0.1005847660935582,0.47196783560419925,-0.03944259997201473,0.04454040633469162
DEV,10:30,TOP5,2242,2.6841664112550796,2.837912060717904,0.8801781737193763,15,0.024889912145244626,0.0,0.49241748438893845,-0.015606282258914481,0.06510475760686284
DEV,10:30,TOP5,2242,2.6841664112550796,2.837912060717904,0.8801781737193763,30,0.05947913931891411,0.0,0.49018733273862625,0.009023148796671751,0.11178193165083765
DEV,10:30,TOP5,2242,2.6841664112550796,2.837912060717904,0.8801781737193763,60,0.10434494269430068,0.0,0.4928635147190009,0.037725436792511516,0.17213834812507986
DEV,10:30,TOP5,2242,2.6841664112550796,2.837912060717904,0.8801781737193763,120,0.08987418769685825,-0.0573891008934459,0.4808206958073149,-0.0005335519576767583,0.1799271736810171
DEV,10:30,TOP10,4486,2.1141995968591885,2.190375743549034,0.8407217643127646,15,0.015887481628428308,0.0,0.4886312973695943,-0.011711498441390519,0.04330449107355409
DEV,10:30,TOP10,4486,2.1141995968591885,2.190375743549034,0.8407217643127646,30,0.05591289402467762,0.0,0.49531876950512704,0.02032284087295038,0.09025349691664783
DEV,10:30,TOP10,4486,2.1141995968591885,2.190375743549034,0.8407217643127646,60,0.0861754300164551,0.0,0.49264378065091396,0.03436396523908424,0.1354454148609314
DEV,10:30,TOP10,4486,2.1141995968591885,2.190375743549034,0.8407217643127646,120,0.06690276694891319,-0.059502022731641804,0.48172090949621044,-0.0011799955022100406,0.135693668841778
DEV,10:30,TOP20,8973,1.5679519379308118,1.7050607035379532,0.7911096256684492,15,0.017454235525111356,-0.007621121393604198,0.48077566031427615,-0.0017526451810930769,0.03805905246745658
DEV,10:30,TOP20,8973,1.5679519379308118,1.7050607035379532,0.7911096256684492,30,0.04531049674256053,0.0,0.4947063412459601,0.01957735704773187,0.07205172239456119
DEV,10:30,TOP20,8973,1.5679519379308118,1.7050607035379532,0.7911096256684492,60,0.06856455953193208,-0.006935843448098724,0.4890226234258331,0.034082798130142665,0.10388149380464529
DEV,10:30,TOP20,8973,1.5679519379308118,1.7050607035379532,0.7911096256684492,120,0.05147814274660694,-0.07622504537203907,0.4796612058397414,0.0023762895237990226,0.0979566153804859
DEV,11:00,TOP5,2243,2.8828053204298425,2.965385132111531,0.8828507795100222,15,-0.01348233844994598,-0.019858156028350733,0.47837717342844405,-0.05550571917672006,0.02857254282652204
DEV,11:00,TOP5,2243,2.8828053204298425,2.965385132111531,0.8828507795100222,30,0.027004616383476513,-0.032863849765265754,0.47525635309852876,-0.030583167703995426,0.08985619585471022
DEV,11:00,TOP5,2243,2.8828053204298425,2.965385132111531,0.8828507795100222,60,0.0065706875267250945,-0.0896286811779768,0.4703522068658047,-0.07227134535135969,0.08989591606267595
DEV,11:00,TOP5,2243,2.8828053204298425,2.965385132111531,0.8828507795100222,120,0.03804030811479713,-0.04057971014492112,0.4810521622826572,-0.07173616557817576,0.16074963925054184
DEV,11:00,TOP10,4487,2.2670607732741384,2.239162016948161,0.8565382044998886,15,0.014275085471584851,0.0,0.48852239803877867,-0.01526867465567745,0.04643397048837152
DEV,11:00,TOP10,4487,2.2670607732741384,2.239162016948161,0.8565382044998886,30,0.03945867779598813,0.0,0.48473367506128817,-0.006031526390810994,0.08260580631663476
DEV,11:00,TOP10,4487,2.2670607732741384,2.239162016948161,0.8565382044998886,60,0.025965177570656035,-0.06635071090048823,0.4731446400713171,-0.032104283782696766,0.08812433748408194
DEV,11:00,TOP10,4487,2.2670607732741384,2.239162016948161,0.8565382044998886,120,0.020174382875063478,-0.11986301369862995,0.4682415868063294,-0.05676427207186532,0.10474467042014092
DEV,11:00,TOP20,8975,1.679513436860466,1.6914987278864353,0.8032750362036315,15,0.01700039652335478,0.0,0.4898050139275766,-0.005368989228952201,0.03781886278188646
DEV,11:00,TOP20,8975,1.679513436860466,1.6914987278864353,0.8032750362036315,30,0.024786863176835473,-0.013712047012720064,0.4820055710306407,-0.005102727899804269,0.053745243883610246
DEV,11:00,TOP20,8975,1.679513436860466,1.6914987278864353,0.8032750362036315,60,0.000706812621899724,-0.08533694547918255,0.46818941504178274,-0.04312217507247508,0.039128756601656045
DEV,11:00,TOP20,8975,1.679513436860466,1.6914987278864353,0.8032750362036315,120,0.0010310718850784645,-0.12485549132948437,0.4732033426183844,-0.05480338989975111,0.056576460982398366
DEV,12:00,TOP5,2251,3.1285595525928716,2.8004356380551694,0.8878048780487805,15,0.021796512108861087,-0.04172876304024772,0.4593513993780542,-0.028328047021326696,0.06846038155779051
DEV,12:00,TOP5,2241,3.1285595525928716,2.8004356380551694,0.8878048780487805,30,0.01688571334082035,-0.07061790668349155,0.4676483712628291,-0.04924981829856983,0.08460616626264861
DEV,12:00,TOP5,2241,3.1285595525928716,2.8004356380551694,0.8878048780487805,60,0.02446133672443,-0.06511627906970821,0.47523427041499333,-0.07473900701539696,0.11822876475962467
DEV,12:00,TOP5,2241,3.1285595525928716,2.8004356380551694,0.8878048780487805,120,0.1463643080228572,-0.06511627906978225,0.48326639892904955,0.02055306725676926,0.2742945582714971
DEV,12:00,TOP10,4506,2.4555514771146236,2.1342851668505975,0.8514412416851441,15,0.002462907505929733,-0.0318544212052797,0.4675987572126054,-0.03112541920595913,0.035594048301153924
DEV,12:00,TOP10,4486,2.4555514771146236,2.1342851668505975,0.8514412416851441,30,0.01777234937903854,-0.04852700884275835,0.47280427998216673,-0.02823048256829048,0.06630610587949198
DEV,12:00,TOP10,4486,2.4555514771146236,2.1342851668505975,0.8514412416851441,60,0.004332774502608458,-0.10145164301720141,0.46633972358448506,-0.061926473012425154,0.06928265192035823
DEV,12:00,TOP10,4486,2.4555514771146236,2.1342851668505975,0.8514412416851441,120,0.0816256857742451,-0.039405439595201916,0.48662505572893444,-0.010168700018565348,0.18118962268202682
DEV,12:00,TOP20,9012,1.8176648147851224,1.647420630188317,0.7976045247865143,15,-0.01877370808806117,-0.02358393854541514,0.46660008877052817,-0.04511287963748981,0.0034942892604365905
DEV,12:00,TOP20,8972,1.8176648147851224,1.647420630188317,0.7976045247865143,30,-0.005430889132222686,-0.030441401743655186,0.47525635309852876,-0.03962963527436735,0.029005916987343013
DEV,12:00,TOP20,8972,1.8176648147851224,1.647420630188317,0.7976045247865143,60,-0.028992933986028764,-0.09115639529127745,0.4712438698172091,-0.07606107497138154,0.018051526017206995
DEV,12:00,TOP20,8972,1.8176648147851224,1.647420630188317,0.7976045247865143,120,0.07314022075405928,-0.027517549955915002,0.487962550156041,0.007631094405694566,0.14236334238781345
VALIDATION,09:45,TOP5,659,1.6843895522844896,3.0427639980177985,0.8892261001517451,15,-0.04791551383289959,-0.08139534883720931,0.44461305007587254,-0.11681975753199594,0.03235007456879901
VALIDATION,09:45,TOP5,659,1.6843895522844896,3.0427639980177985,0.8892261001517451,30,-0.10287729812597073,-0.08786610878661087,0.4552352048558422,-0.19107876227667564,-0.011516300808046227
VALIDATION,09:45,TOP5,659,1.6843895522844896,3.0427639980177985,0.8892261001517451,60,-0.1500073750177937,-0.2228116710874991,0.4339908952959029,-0.2815059815798241,-0.013386429178919843
VALIDATION,09:45,TOP5,659,1.6843895522844896,3.0427639980177985,0.8892261001517451,120,-0.11570039722861197,-0.21705426356589147,0.44309559939301973,-0.28005764817659246,0.0554246094335019
VALIDATION,09:45,TOP10,1284,1.355679360869624,2.41412626911458,0.8629283489096573,15,-0.022158307109380704,-0.0725953252256674,0.4532710280373832,-0.07357614300456887,0.03263518561409096
VALIDATION,09:45,TOP10,1284,1.355679360869624,2.41412626911458,0.8629283489096573,30,-0.005968956534777419,-0.07022741353664283,0.4649532710280374,-0.08920518541085565,0.07331437084865126
VALIDATION,09:45,TOP10,1284,1.355679360869624,2.41412626911458,0.8629283489096573,60,-0.027747076807525667,-0.16410718827309634,0.45716510903426794,-0.12664100061389913,0.07120991960078604
VALIDATION,09:45,TOP10,1284,1.355679360869624,2.41412626911458,0.8629283489096573,120,-0.04048230558614193,-0.1536682858908463,0.45404984423676015,-0.1660473123119903,0.07112422661704049
VALIDATION,09:45,TOP20,2535,1.0152742568811295,1.7459785493756184,0.8011834319526627,15,-0.02308357716154229,-0.07567567567569289,0.45483234714003945,-0.063505763226027,0.014512220160887391
VALIDATION,09:45,TOP20,2535,1.0152742568811295,1.7459785493756184,0.8011834319526627,30,-0.011903150308430904,-0.0999999999999659,0.45680473372781066,-0.06376583336866638,0.04369146844012601
VALIDATION,09:45,TOP20,2535,1.0152742568811295,1.7459785493756184,0.8011834319526627,60,-0.03671510029440308,-0.16018306636155757,0.45759368836291914,-0.10935387391720935,0.03786521020506631
VALIDATION,09:45,TOP20,2535,1.0152742568811295,1.7459785493756184,0.8011834319526627,120,-0.07104229971035265,-0.21341463414634176,0.4457593688362919,-0.16621673083622468,0.023152709743742398
VALIDATION,10:00,TOP5,659,1.7936629511657043,2.938554335299198,0.9030303030303031,15,-0.018926092584553505,-0.04816513761467157,0.4582701062215478,-0.09595625447019687,0.05436569957945
VALIDATION,10:00,TOP5,659,1.7936629511657043,2.938554335299198,0.9030303030303031,30,0.04480798729090082,0.0,0.48558421851289835,-0.042278994597779326,0.1362873419701833
VALIDATION,10:00,TOP5,659,1.7936629511657043,2.938554335299198,0.9030303030303031,60,0.05417933625694288,-0.1070063694267516,0.46889226100151743,-0.06382320916853129,0.17629532433856798
VALIDATION,10:00,TOP5,659,1.7936629511657043,2.938554335299198,0.9030303030303031,120,0.11635733142011635,-0.07409040793826065,0.47192716236722304,-0.03692296377953093,0.276679142086731
VALIDATION,10:00,TOP10,1283,1.4424371009157233,2.2208434049385786,0.8434579439252337,15,0.01348294791698971,-0.030042918454931032,0.4699922057677319,-0.041448292893242054,0.0664611168985578
VALIDATION,10:00,TOP10,1283,1.4424371009157233,2.2208434049385786,0.8434579439252337,30,0.05447384060583618,-0.013793103448275862,0.48402182385035075,-0.013545856440276614,0.12424482264706685
VALIDATION,10:00,TOP10,1283,1.4424371009157233,2.2208434049385786,0.8434579439252337,60,0.056083595540435835,-0.10389610389612691,0.47388932190179267,-0.025615846270619413,0.1437244404664391
VALIDATION,10:00,TOP10,1283,1.4424371009157233,2.2208434049385786,0.8434579439252337,120,0.07761977767308947,-0.0797720797720976,0.4715510522213562,-0.03475503406347092,0.18213926905079678
VALIDATION,10:00,TOP20,2534,1.0803935282306596,1.6978679482615973,0.7869822485207101,15,0.01409478869699351,-0.03797158495627875,0.46724546172059983,-0.02205074836261445,0.05148281641784758
VALIDATION,10:00,TOP20,2534,1.0803935282306596,1.6978679482615973,0.7869822485207101,30,0.03857669476769052,-0.016767332817922705,0.48263614838200475,-0.00593692298430768,0.09020562596114673
VALIDATION,10:00,TOP20,2534,1.0803935282306596,1.6978679482615973,0.7869822485207101,60,0.013448105337704339,-0.06954268592199943,0.4707971586424625,-0.04782600349152575,0.07549870905355917
VALIDATION,10:00,TOP20,2534,1.0803935282306596,1.6978679482615973,0.7869822485207101,120,0.012108163166712415,-0.12489436125987641,0.46093133385951063,-0.07222179148488178,0.0926822475365537
VALIDATION,10:30,TOP5,659,1.957828137208559,2.752756531023493,0.8984848484848484,15,-0.048631189511223284,-0.09984152139459637,0.4324734446130501,-0.12444575879335674,0.03094271344337435
VALIDATION,10:30,TOP5,659,1.957828137208559,2.752756531023493,0.8984848484848484,30,-0.010715672857408843,0.0,0.49013657056145676,-0.10728947904046837,0.09049568392207948
VALIDATION,10:30,TOP5,659,1.957828137208559,2.752756531023493,0.8984848484848484,60,0.013122155066537543,-0.0467836257310045,0.47496206373292865,-0.106236617458579,0.14491124081289644
VALIDATION,10:30,TOP5,659,1.957828137208559,2.752756531023493,0.8984848484848484,120,0.13095884109239253,-0.16944024205747868,0.4658573596358118,-0.043905867000981584,0.31318024555784424
VALIDATION,10:30,TOP10,1284,1.5814206813003895,2.1012659761133126,0.8638132295719845,15,-0.03559885863550434,-0.08522641305523462,0.4447040498442368,-0.08872598520438872,0.018189697562096464
VALIDATION,10:30,TOP10,1284,1.5814206813003895,2.1012659761133126,0.8638132295719845,30,0.023086533491705738,0.0030068728522446016,0.5,-0.04455302350065419,0.09675327729146312
VALIDATION,10:30,TOP10,1284,1.5814206813003895,2.1012659761133126,0.8638132295719845,60,0.01188555151558494,-0.04765524440796885,0.47741433021806856,-0.08025415848391719,0.11412145029698316
VALIDATION,10:30,TOP10,1284,1.5814206813003895,2.1012659761133126,0.8638132295719845,120,0.10615131315940858,-0.09195427092322792,0.48442367601246106,-0.020450560417797095,0.22098811865587972
VALIDATION,10:30,TOP20,2534,1.1880935624991031,1.6698033288438945,0.7988165680473372,15,-0.04079475361961534,-0.08366567064678658,0.44119968429360695,-0.07765977088644507,-0.0013078269626027664
VALIDATION,10:30,TOP20,2534,1.1880935624991031,1.6698033288438945,0.7988165680473372,30,0.0022492489658651796,-0.0359600112347048,0.48579321231254935,-0.050829339397915875,0.05278807644712541
VALIDATION,10:30,TOP20,2534,1.1880935624991031,1.6698033288438945,0.7988165680473372,60,-0.03410157053116801,-0.10840847137764023,0.4605367008681926,-0.09672952861794404,0.03240589451012475
VALIDATION,10:30,TOP20,2534,1.1880935624991031,1.6698033288438945,0.7988165680473372,120,0.0627466847433809,-0.09195427092322792,0.48066298342541436,-0.023910732019407178,0.15968456922879856
VALIDATION,11:00,TOP5,660,2.071225625240584,2.6073438980642334,0.9045454545454545,15,0.012812308738697592,-0.08759590792837371,0.4484848484848485,-0.07176306101065057,0.09225505169679848
VALIDATION,11:00,TOP5,660,2.071225625240584,2.6073438980642334,0.9045454545454545,30,0.033577658941619175,-0.0655800370983089,0.4727272727272727,-0.07208487149441073,0.14852955714527014
VALIDATION,11:00,TOP5,660,2.071225625240584,2.6073438980642334,0.9045454545454545,60,0.024446589426293963,0.0,0.49696969696969695,-0.1251552118192826,0.18300791440845393
VALIDATION,11:00,TOP5,660,2.071225625240584,2.6073438980642334,0.9045454545454545,120,0.14116902769235223,0.042020663834715824,0.503030303030303,-0.06810064356400942,0.3339390346613361
VALIDATION,11:00,TOP10,1285,1.6764816382847492,2.0429326150476,0.8754863813229572,15,-0.0009200775393060444,-0.08127721335270316,0.4490272373540856,-0.0599854805644758,0.06310449039848318
VALIDATION,11:00,TOP10,1285,1.6764816382847492,2.0429326150476,0.8754863813229572,30,0.013216213104481915,-0.055776892430228105,0.4778210116731518,-0.07074514912793858,0.09293895575950967
VALIDATION,11:00,TOP10,1285,1.6764816382847492,2.0429326150476,0.8754863813229572,60,0.034936733705739485,-0.03733333333338381,0.4848249027237354,-0.07420486947052335,0.1435202120454302
VALIDATION,11:00,TOP10,1285,1.6764816382847492,2.0429326150476,0.8754863813229572,120,0.19779735655928535,0.072538860103562,0.5105058365758754,0.03555825937732456,0.3448583169471741
VALIDATION,11:00,TOP20,2534,1.2606083152310759,1.5810580471014948,0.8047337278106509,15,-0.024688737270174566,-0.07291666666667487,0.45343330702446727,-0.06664009359067168,0.011812383357715643
VALIDATION,11:00,TOP20,2534,1.2606083152310759,1.5810580471014948,0.8047337278106509,30,-0.029922614045643562,-0.07263893188333694,0.4676400947119179,-0.08616382997728181,0.02409743779145127
VALIDATION,11:00,TOP20,2534,1.2606083152310759,1.5810580471014948,0.8047337278106509,60,-0.006762278302092669,-0.0834993359893311,0.47000789265982634,-0.0922669306339716,0.06777261308016497
VALIDATION,11:00,TOP20,2534,1.2606083152310759,1.5810580471014948,0.8047337278106509,120,0.1107728650563414,0.0,0.4936858721389108,0.00801285532059425,0.2139180312908502
VALIDATION,12:00,TOP5,660,2.2856769386442264,2.506458549359928,0.8954545454545455,15,-0.018707479003371757,-0.024114673663317838,0.4666666666666667,-0.099100659950058,0.061023141163368017
VALIDATION,12:00,TOP5,660,2.2856769386442264,2.506458549359928,0.8954545454545455,30,0.006738583095260377,0.0,0.4863636363636364,-0.10858711098581773,0.11325494397908314
VALIDATION,12:00,TOP5,660,2.2856769386442264,2.506458549359928,0.8954545454545455,60,0.09920608421093087,0.0,0.49242424242424243,-0.04074028906088766,0.25779429895876665
VALIDATION,12:00,TOP5,660,2.2856769386442264,2.506458549359928,0.8954545454545455,120,-0.1294676134311104,-0.2016597510373509,0.44242424242424244,-0.35703330328140126,0.10021112954427491
VALIDATION,12:00,TOP10,1285,1.8396018187456897,1.9743154039656001,0.8544747081712062,15,0.042916302600846085,0.0,0.47704280155642026,-0.02138661421083814,0.10439805731403243
VALIDATION,12:00,TOP10,1285,1.8396018187456897,1.9743154039656001,0.8544747081712062,30,0.10698146228518204,0.03713527851463903,0.5019455252918288,0.015541540885027906,0.19501153380425548
VALIDATION,12:00,TOP10,1285,1.8396018187456897,1.9743154039656001,0.8544747081712062,60,0.1713143790835755,0.08235294117648986,0.5159533073929962,0.04833450707075729,0.29499533014330304
VALIDATION,12:00,TOP10,1285,1.8396018187456897,1.9743154039656001,0.8544747081712062,120,-0.06657739476057357,-0.1814814814814815,0.4536964980544747,-0.24091073705710128,0.10620631945002687
VALIDATION,12:00,TOP20,2535,1.3809356686773278,1.5573494188430115,0.8063116370808678,15,0.037148294461530874,0.0,0.47258382642998026,-0.004874124235892619,0.0791264656048237
VALIDATION,12:00,TOP20,2535,1.3809356686773278,1.5573494188430115,0.8063116370808678,30,0.09289208861061651,0.0,0.4990138067061144,0.031641226423853176,0.15575143439533187
VALIDATION,12:00,TOP20,2535,1.3809356686773278,1.5573494188430115,0.8063116370808678,60,0.11551099134419973,0.01511879049681535,0.5001972386587771,0.03239016216391689,0.19720075212704002
VALIDATION,12:00,TOP20,2535,1.3809356686773278,1.5573494188430115,0.8063116370808678,120,-0.07606565840130287,-0.17610062893085665,0.4603550295857988,-0.19371941519513566,0.05064071737000839
