split,score_family,top_k,snapshot_time,entry_variant,horizon_min,candidates,triggered,trigger_rate,events,sessions,avg_fwd_atr,median_fwd_atr,positive_rate,avg_mfe_atr,avg_mae_atr,avg_entry_delay_min,session_avg_fwd_atr,session_ci_low,session_ci_high
DEV,FULL_4,1,10:30,CONSOLIDATION_BREAKOUT,30,439,51,0.11617312072892938,51,51,0.3953068957164264,0.06256983240221346,0.5490196078431373,1.632304274084901,-0.8629986769444166,29.215686274509803,0.3953068957164264,-0.11768007360880423,0.9696000296339634
DEV,FULL_4,1,10:30,CONSOLIDATION_BREAKOUT,60,439,51,0.11617312072892938,51,51,0.47678676996465486,0.23119266055045382,0.5882352941176471,2.117044153032726,-1.2787670234222723,29.215686274509803,0.47678676996465497,-0.24538357959754956,1.2899389625708044
DEV,FULL_4,1,10:30,CONSOLIDATION_BREAKOUT,120,439,51,0.11617312072892938,51,51,0.7746160634881883,0.18096357226791965,0.5490196078431373,2.8650700349821574,-1.8685744015863164,29.215686274509803,0.7746160634881883,-0.1418119532324889,1.7328459997768806
DEV,FULL_4,1,10:30,IMMEDIATE,30,439,439,1.0,439,439,0.1074859426892552,0.07567567567569311,0.5216400911161732,1.1178419426453325,-1.045554831526109,5.0,0.10748594268925522,-0.031543330791615753,0.2557898080800149
DEV,FULL_4,1,10:30,IMMEDIATE,60,439,439,1.0,439,439,0.12547364680194076,-0.026266416510325054,0.48519362186788156,1.4389663723275963,-1.2776404898587883,5.0,0.1254736468019407,-0.03599130850017751,0.307460064737265
DEV,FULL_4,1,10:30,IMMEDIATE,120,439,439,1.0,439,439,0.19816061285677192,0.0799021606196286,0.5216400911161732,1.9007942768623955,-1.6434311467574467,5.0,0.19816061285677192,-0.040739525930750524,0.41807352468537845
DEV,FULL_4,1,10:30,PULLBACK_NEW_HIGH,30,439,121,0.275626423690205,121,121,0.10276782422615914,0.03528670447385819,0.5041322314049587,1.2300605460307803,-1.0124219591151915,23.71900826446281,0.10276782422615918,-0.11857257005898246,0.33470423807705124
DEV,FULL_4,1,10:30,PULLBACK_NEW_HIGH,60,439,121,0.275626423690205,121,121,0.2010817739455647,0.12962962962962962,0.5289256198347108,1.5624493451253934,-1.3085308487095217,23.71900826446281,0.20108177394556473,-0.11648201630364081,0.5176225555040783
DEV,FULL_4,1,10:30,PULLBACK_NEW_HIGH,120,439,121,0.275626423690205,121,121,0.4847159620380598,0.07171000788023063,0.5206611570247934,2.2324676658873055,-1.6950290652990367,23.71900826446281,0.4847159620380597,0.010693617568090156,0.9997591236977621
DEV,FULL_4,1,10:30,VWAP_RECLAIM,30,439,75,0.17084282460136674,75,75,0.3299169658567879,0.16247582205029013,0.6,1.2161919128844605,-0.7763191302474127,23.0,0.32991696585678787,0.024383799250786143,0.6339655569494901
DEV,FULL_4,1,10:30,VWAP_RECLAIM,60,439,75,0.17084282460136674,75,75,0.27463317759596517,0.20289855072462598,0.56,1.5310943674759516,-1.0127554346293886,23.0,0.2746331775959651,-0.04427436611881274,0.642581330194051
DEV,FULL_4,1,10:30,VWAP_RECLAIM,120,439,75,0.17084282460136674,75,75,0.10586274436822155,0.2339832869080652,0.5333333333333333,1.8081664636348755,-1.3742652983368957,23.0,0.10586274436822153,-0.32172406058772823,0.536919803576544
DEV,FULL_4,1,11:00,CONSOLIDATION_BREAKOUT,30,439,24,0.05466970387243736,24,24,0.4792823241231395,-0.1759536058936305,0.4583333333333333,1.5986053144252133,-1.2114865774032573,28.75,0.4792823241231394,-0.5454667577495718,2.0178498984398634
DEV,FULL_4,1,11:00,CONSOLIDATION_BREAKOUT,60,439,24,0.05466970387243736,24,24,0.6153404923441418,-0.06546966930411335,0.5,2.264922150157895,-1.5539787851552214,28.75,0.6153404923441416,-0.5332684734129183,2.262510843042196
DEV,FULL_4,1,11:00,CONSOLIDATION_BREAKOUT,120,439,24,0.05466970387243736,24,24,0.9602935079175348,-0.12884969835740823,0.5,3.1177426669087986,-1.9672585201068538,28.75,0.9602935079175348,-0.4440736291911269,2.7851474107154206
DEV,FULL_4,1,11:00,IMMEDIATE,30,439,439,1.0,439,439,0.032204752893749786,-0.09870740305523365,0.4646924829157175,1.2512368503446112,-1.1161719336467255,5.0,0.03220475289374977,-0.10890417625279561,0.18194228295246923
DEV,FULL_4,1,11:00,IMMEDIATE,60,439,439,1.0,439,439,0.1331691065672348,0.007092198581553781,0.5011389521640092,1.7109761873170197,-1.4460004992412727,5.0,0.13316910656723477,-0.07544511846229482,0.35710044522132156
DEV,FULL_4,1,11:00,IMMEDIATE,120,439,439,1.0,439,439,0.11719919573891793,-0.17811158798283686,0.4760820045558087,2.240246667380159,-1.8975130532102455,5.0,0.11719919573891785,-0.15894329335333046,0.4068542527659151
DEV,FULL_4,1,11:00,PULLBACK_NEW_HIGH,30,439,127,0.28929384965831434,127,127,0.37042698855814343,0.0,0.4881889763779528,1.5060345051274837,-1.070649745140299,21.5748031496063,0.3704269885581433,0.02677889977302674,0.7563504768421713
DEV,FULL_4,1,11:00,PULLBACK_NEW_HIGH,60,439,127,0.28929384965831434,127,127,0.4806349820340955,0.24123588829471912,0.5826771653543307,2.0714651456796935,-1.3108111896807468,21.5748031496063,0.48063498203409555,0.08878799272817262,0.9265458813558891
DEV,FULL_4,1,11:00,PULLBACK_NEW_HIGH,120,439,127,0.28929384965831434,127,127,0.6205688465440806,0.37735849056603865,0.5748031496062992,2.6478232461095033,-1.6914860302995989,21.5748031496063,0.6205688465440804,0.12497828776979907,1.130096187108891
DEV,FULL_4,1,11:00,VWAP_RECLAIM,30,439,61,0.13895216400911162,61,61,0.0310299908079008,-0.03849037740562954,0.4918032786885246,1.1130942652525926,-1.044686791971488,22.78688524590164,0.03102999080790084,-0.3064000675283803,0.3742579858119359
DEV,FULL_4,1,11:00,VWAP_RECLAIM,60,439,61,0.13895216400911162,61,61,0.0258515316766575,-0.19058893163659313,0.4426229508196721,1.4723324298939127,-1.4031371943101008,22.78688524590164,0.02585153167665755,-0.4130697558286608,0.49580233859729284
DEV,FULL_4,1,11:00,VWAP_RECLAIM,120,439,61,0.13895216400911162,61,61,-0.10822345518187919,-0.09123823316438262,0.4262295081967213,1.9455846632392026,-1.905377257853698,22.78688524590164,-0.10822345518187923,-0.7399977859629913,0.6143773950404503
DEV,FULL_4,3,10:30,CONSOLIDATION_BREAKOUT,30,1317,142,0.10782080485952923,142,119,0.23858245974690187,0.008139534883713485,0.5,1.4293574254598047,-0.9247847272037251,29.330985915492956,0.2603230789664321,-0.01840511694207113,0.5793890219304371
DEV,FULL_4,3,10:30,CONSOLIDATION_BREAKOUT,60,1317,142,0.10782080485952923,142,119,0.31627567264255096,-0.13703532333129975,0.4859154929577465,1.9030500537959583,-1.3175182533525314,29.330985915492956,0.36166771141391574,-0.11758728875835682,0.8344323917816511
DEV,FULL_4,3,10:30,CONSOLIDATION_BREAKOUT,120,1317,142,0.10782080485952923,142,119,0.4031820727717216,-0.03100633230975738,0.5,2.441110947613044,-1.8732201385263745,29.330985915492956,0.4741057717213065,-0.056048310694556645,1.0818891361648417
DEV,FULL_4,3,10:30,IMMEDIATE,30,1317,1317,1.0,1316,439,0.09353373593313218,0.015706916583750424,0.5022796352583586,1.131287922928212,-1.03373925571917,5.0,0.09427031319421149,0.001483619125395245,0.19078666304904096
DEV,FULL_4,3,10:30,IMMEDIATE,60,1317,1317,1.0,1316,439,0.13431260446634014,-0.017497690479791002,0.48556231003039513,1.4975579252420874,-1.3073145616885113,5.0,0.13501974620160892,0.018807932083056884,0.258463150103358
DEV,FULL_4,3,10:30,IMMEDIATE,120,1317,1317,1.0,1316,439,0.13575978052816623,-0.06686517959214572,0.4756838905775076,1.9533087544871948,-1.719583030637323,5.0,0.13652283266473123,-0.02138816874122025,0.29423191495343726
DEV,FULL_4,3,10:30,PULLBACK_NEW_HIGH,30,1317,350,0.26575550493545935,350,253,0.088851929968534,-0.0037563724174735124,0.49142857142857144,1.2605693775124047,-1.089967328378592,23.17142857142857,0.0687097104867238,-0.10391700503662242,0.2271891546760039
DEV,FULL_4,3,10:30,PULLBACK_NEW_HIGH,60,1317,350,0.26575550493545935,350,253,0.11551293405462766,0.014692596106053304,0.5028571428571429,1.6364718322992589,-1.4258342478934003,23.17142857142857,0.1484040706622432,-0.0948362223226584,0.38870536044885223
DEV,FULL_4,3,10:30,PULLBACK_NEW_HIGH,120,1317,350,0.26575550493545935,350,253,0.18636255401155866,-0.05654823805274902,0.4857142857142857,2.176120056894291,-1.9422507467383217,23.17142857142857,0.16359691430001438,-0.13189746127060936,0.46476738325861855
DEV,FULL_4,3,10:30,VWAP_RECLAIM,30,1317,277,0.21032649962034927,277,206,0.2295251865282027,0.07912158889067523,0.5090252707581228,1.1934918552330958,-0.9079098640493922,20.9927797833935,0.2395685611495136,0.06821095550418581,0.43968982211213786
DEV,FULL_4,3,10:30,VWAP_RECLAIM,60,1317,277,0.21032649962034927,277,206,0.21681783637103874,0.0,0.4981949458483754,1.5476436935315636,-1.1956558859211794,20.9927797833935,0.20846715057308396,-0.010002665329509665,0.4189476142479768
DEV,FULL_4,3,10:30,VWAP_RECLAIM,120,1317,277,0.21032649962034927,277,206,0.04755269468131541,-0.028835063437139406,0.49097472924187724,1.9466490099675915,-1.7117588426771582,20.9927797833935,0.0035079002452956345,-0.3149729570513455,0.3049251493130416
DEV,FULL_4,3,11:00,CONSOLIDATION_BREAKOUT,30,1317,73,0.0554290053151101,73,68,0.16335291735845156,-0.16872964169380303,0.4246575342465753,1.4263578941748347,-1.13276355858958,28.63013698630137,0.2617239906507922,-0.18301584458198292,0.8436278678733146
DEV,FULL_4,3,11:00,CONSOLIDATION_BREAKOUT,60,1317,73,0.0554290053151101,73,68,0.04996961052938108,-0.23661810443609332,0.4246575342465753,1.9268361895878512,-1.6320549033052418,28.63013698630137,0.19728514309247547,-0.49039500163523736,0.911834124474743
DEV,FULL_4,3,11:00,CONSOLIDATION_BREAKOUT,120,1317,73,0.0554290053151101,73,68,0.46550636258150724,-0.11320754716979443,0.4657534246575342,2.6604621794936545,-2.1175332068230057,28.63013698630137,0.6379899070125876,-0.1595132346652324,1.5430525504896988
DEV,FULL_4,3,11:00,IMMEDIATE,30,1317,1317,1.0,1316,439,0.038718103245768694,-0.09940842324625329,0.45972644376899696,1.2117150055396113,-1.1322621680482678,5.0,0.03884518471366646,-0.05504700947951214,0.1336513499714475
DEV,FULL_4,3,11:00,IMMEDIATE,60,1317,1317,1.0,1316,439,0.03430817059887983,-0.09437826941522134,0.4696048632218845,1.6307304995445124,-1.4996426549971047,5.0,0.034489479470571405,-0.10032122538153661,0.16822151944015673
DEV,FULL_4,3,11:00,IMMEDIATE,120,1317,1317,1.0,1316,439,0.04830540219382393,-0.2344343666017903,0.4635258358662614,2.186988855839841,-2.0157718430932396,5.0,0.04862457135167,-0.13058317290494031,0.22499489152439667
DEV,FULL_4,3,11:00,PULLBACK_NEW_HIGH,30,1317,395,0.2999240698557327,395,280,0.033172677630163495,-0.09859154929579714,0.4506329113924051,1.3709671235518333,-1.2507567541276399,22.341772151898734,-0.049290245816329153,-0.2427050180236149,0.14809628431778715
DEV,FULL_4,3,11:00,PULLBACK_NEW_HIGH,60,1317,395,0.2999240698557327,395,280,0.051868548161997326,-0.058236272878534764,0.4835443037974684,1.8681010551514228,-1.6305656664448134,22.341772151898734,-0.028639651615476762,-0.30419521627800344,0.2520094849872762
DEV,FULL_4,3,11:00,PULLBACK_NEW_HIGH,120,1317,395,0.2999240698557327,395,280,0.22644698714156705,-0.05182755388941875,0.48860759493670886,2.5581756453649875,-2.1190461056139434,22.341772151898734,0.1349463841193636,-0.23203221891892845,0.5204342144245352
DEV,FULL_4,3,11:00,VWAP_RECLAIM,30,1317,198,0.15034168564920272,198,154,0.027558062204961455,-0.006213980000888917,0.5,1.1028325479958265,-1.1156530279064187,22.32323232323232,-0.024941355382745015,-0.2674475612174841,0.1968219439270627
DEV,FULL_4,3,11:00,VWAP_RECLAIM,60,1317,198,0.15034168564920272,198,154,-0.09790062428810328,-0.1719857832655712,0.4494949494949495,1.5232915555565907,-1.575993728709781,22.32323232323232,-0.14540916197054982,-0.4635591696557143,0.17332028843120606
DEV,FULL_4,3,11:00,VWAP_RECLAIM,120,1317,198,0.15034168564920272,198,154,-0.4015953949756402,-0.1560221717772135,0.4393939393939394,1.9556408387478876,-2.276746988119651,22.32323232323232,-0.4876384082655665,-0.9648100054587266,0.0036163233323547586
DEV,MOMENTUM_ONLY,1,10:30,CONSOLIDATION_BREAKOUT,30,449,58,0.1291759465478842,58,58,0.06326049108538542,-0.12885252834731487,0.46551724137931033,1.2433168781316633,-1.1263119041141734,29.224137931034484,0.06326049108538549,-0.33783426614260303,0.5906627838851984
DEV,MOMENTUM_ONLY,1,10:30,CONSOLIDATION_BREAKOUT,60,449,58,0.1291759465478842,58,58,0.06884119772292865,0.054763000460187485,0.5,1.5745322514370974,-1.430747445569735,29.224137931034484,0.06884119772292867,-0.4098799425511148,0.593999489265702
DEV,MOMENTUM_ONLY,1,10:30,CONSOLIDATION_BREAKOUT,120,449,58,0.1291759465478842,58,58,-0.23422252423161505,0.010864718298070106,0.5,1.8947686937501387,-1.9507740241812483,29.224137931034484,-0.234222524231615,-0.8557042195703982,0.3711376190397134
DEV,MOMENTUM_ONLY,1,10:30,IMMEDIATE,30,449,449,1.0,447,447,0.08426021216449048,0.05570291777187512,0.5167785234899329,1.0726073774049627,-0.9408108295537317,5.0,0.08426021216449048,-0.026081737925462055,0.19707720373951157
DEV,MOMENTUM_ONLY,1,10:30,IMMEDIATE,60,449,449,1.0,447,447,0.12956879273307265,0.07894736842105586,0.5257270693512305,1.4090940574587332,-1.2115926050310526,5.0,0.12956879273307265,-0.02996223775031685,0.30231585504306985
DEV,MOMENTUM_ONLY,1,10:30,IMMEDIATE,120,449,449,1.0,447,447,-0.014946265610684475,-0.07815407517677793,0.4720357941834452,1.7442010944607613,-1.5967175965222833,5.0,-0.01494626561068447,-0.2172558430275459,0.18035636204482067
DEV,MOMENTUM_ONLY,1,10:30,PULLBACK_NEW_HIGH,30,449,128,0.28507795100222716,128,128,-0.007830172807650991,0.0,0.484375,1.0522568942108497,-1.0915110262150791,22.96875,-0.00783017280765097,-0.2217426149733079,0.22599441344209767
DEV,MOMENTUM_ONLY,1,10:30,PULLBACK_NEW_HIGH,60,449,128,0.28507795100222716,128,128,0.050108536101487244,0.045751633986938475,0.5,1.4211821550592048,-1.353066414405035,22.96875,0.05010853610148727,-0.22547964610173452,0.311894847938496
DEV,MOMENTUM_ONLY,1,10:30,PULLBACK_NEW_HIGH,120,449,128,0.28507795100222716,128,128,-0.0999820168073755,-0.06073080235599602,0.4921875,1.8207191601772643,-1.9293221418669417,22.96875,-0.0999820168073755,-0.5117343871092488,0.29761640153381186
DEV,MOMENTUM_ONLY,1,10:30,VWAP_RECLAIM,30,449,86,0.1915367483296214,86,86,0.2310599317133447,0.1613116130402638,0.5581395348837209,1.1799757787377254,-0.8863363235045573,20.988372093023255,0.2310599317133447,-0.08528871109051286,0.5607757590433256
DEV,MOMENTUM_ONLY,1,10:30,VWAP_RECLAIM,60,449,86,0.1915367483296214,86,86,0.016616660097494313,-0.03337870538414593,0.47674418604651164,1.4548430497225993,-1.1992805858123792,20.988372093023255,0.016616660097494292,-0.3602184820318398,0.376561331669341
DEV,MOMENTUM_ONLY,1,10:30,VWAP_RECLAIM,120,449,86,0.1915367483296214,86,86,-0.12707343616593134,0.1516990913836847,0.5348837209302325,1.8470867893854912,-1.903545309305916,20.988372093023255,-0.1270734361659314,-0.666582622174808,0.3743890215739627
DEV,MOMENTUM_ONLY,1,11:00,CONSOLIDATION_BREAKOUT,30,449,32,0.07126948775055679,32,32,-0.0822993822194224,-0.1759536058936305,0.40625,1.2209140154570026,-1.0755633491797139,29.375,-0.08229938221942243,-0.5386356212028808,0.4790424795591045
DEV,MOMENTUM_ONLY,1,11:00,CONSOLIDATION_BREAKOUT,60,449,32,0.07126948775055679,32,32,-0.13322345535700097,-0.3122775126865093,0.40625,1.6075229922530614,-1.4922002545224553,29.375,-0.133223455357001,-0.6905232960658579,0.4491997017867277
DEV,MOMENTUM_ONLY,1,11:00,CONSOLIDATION_BREAKOUT,120,449,32,0.07126948775055679,32,32,-0.0845289292149819,-0.394881499504384,0.375,2.229428978295007,-1.9272768162401142,29.375,-0.08452892921498184,-0.8219827906575312,0.7998008177954833
DEV,MOMENTUM_ONLY,1,11:00,IMMEDIATE,30,449,449,1.0,449,449,0.03757958103347078,-0.07756232686982295,0.4521158129175947,1.192130364168316,-1.1120162627652364,5.0,0.03757958103347079,-0.10960089234922579,0.18124302130971137
DEV,MOMENTUM_ONLY,1,11:00,IMMEDIATE,60,449,449,1.0,449,449,-0.07805986790274387,-0.1545253863134675,0.45879732739420936,1.5415988913947047,-1.4918322914589544,5.0,-0.07805986790274387,-0.24656128992950063,0.10326807744070982
DEV,MOMENTUM_ONLY,1,11:00,IMMEDIATE,120,449,449,1.0,449,449,-0.19474183930040123,-0.2418260333127458,0.44543429844098,1.9853803119598505,-2.003862410171331,5.0,-0.19474183930040123,-0.4190364757352018,0.03934695967364907
DEV,MOMENTUM_ONLY,1,11:00,PULLBACK_NEW_HIGH,30,449,117,0.26057906458797325,117,117,0.030781290903620386,-0.04340473506202121,0.4700854700854701,1.3247373056027507,-1.1696410065038079,23.034188034188034,0.030781290903620376,-0.23584967921840683,0.31735343933000293
DEV,MOMENTUM_ONLY,1,11:00,PULLBACK_NEW_HIGH,60,449,117,0.26057906458797325,117,117,-0.08562748934564249,-0.32208588957055306,0.4358974358974359,1.7232060203729285,-1.5699788078448276,23.034188034188034,-0.08562748934564249,-0.45336886067000987,0.30102542362090684
DEV,MOMENTUM_ONLY,1,11:00,PULLBACK_NEW_HIGH,120,449,117,0.26057906458797325,117,117,-0.19106195051354832,-0.3021582733813094,0.4188034188034188,2.0975127233189554,-2.020371867190114,23.034188034188034,-0.1910619505135483,-0.6294304924408755,0.1913240770570544
DEV,MOMENTUM_ONLY,1,11:00,VWAP_RECLAIM,30,449,61,0.1358574610244989,61,61,-0.20188110205331264,0.0,0.4918032786885246,1.1954722190988596,-1.361965439723652,19.18032786885246,-0.2018811020533127,-0.6322113161416157,0.22191473265378808
DEV,MOMENTUM_ONLY,1,11:00,VWAP_RECLAIM,60,449,61,0.1358574610244989,61,61,-0.2759546103896596,-0.07624633431086059,0.45901639344262296,1.3400590036853581,-1.6599869453979779,19.18032786885246,-0.2759546103896597,-0.7834411387669254,0.18958980879616247
DEV,MOMENTUM_ONLY,1,11:00,VWAP_RECLAIM,120,449,61,0.1358574610244989,61,61,-0.22763817015236923,0.0,0.4918032786885246,1.9762598493365346,-2.235638219813229,19.18032786885246,-0.22763817015236923,-0.9560672252508551,0.4711398646858184
DEV,MOMENTUM_ONLY,3,10:30,CONSOLIDATION_BREAKOUT,30,1347,166,0.12323682256867112,166,143,0.14415550790511653,-0.1345177117220951,0.45180722891566266,1.3737738121782095,-1.159121529744914,29.457831325301203,0.10265707118925248,-0.20787237082568108,0.43154488141924024
DEV,MOMENTUM_ONLY,3,10:30,CONSOLIDATION_BREAKOUT,60,1347,166,0.12323682256867112,166,143,0.15230221786161427,-0.14861486833544169,0.45180722891566266,1.7315148128458517,-1.4738059268204335,29.457831325301203,0.11905045487120545,-0.21779442744328423,0.5311940677766321
DEV,MOMENTUM_ONLY,3,10:30,CONSOLIDATION_BREAKOUT,120,1347,166,0.12323682256867112,166,143,-0.15547521055960947,-0.26044997564105954,0.4578313253012048,2.258766455872454,-2.135254097709222,29.457831325301203,-0.144459105234172,-0.6562068215806743,0.3367749434416899
DEV,MOMENTUM_ONLY,3,10:30,IMMEDIATE,30,1347,1347,1.0,1344,449,0.061301162640842705,0.04176052177649378,0.5074404761904762,1.0781789157821258,-0.9719365121309093,5.0,0.0618267343538122,-0.020895502735087054,0.14352290460328876
DEV,MOMENTUM_ONLY,3,10:30,IMMEDIATE,60,1347,1347,1.0,1344,449,0.08121344996061841,-0.014511881828638426,0.4851190476190476,1.4222474249280732,-1.2576607270192475,5.0,0.0813312605499412,-0.03175569008787462,0.19863820692977685
DEV,MOMENTUM_ONLY,3,10:30,IMMEDIATE,120,1347,1347,1.0,1344,449,0.05068849252294895,-0.06686517959216512,0.47693452380952384,1.8457933479935937,-1.6623053362408247,5.0,0.050426601484451335,-0.08981133254299094,0.20256005796061782
DEV,MOMENTUM_ONLY,3,10:30,PULLBACK_NEW_HIGH,30,1347,372,0.27616926503340755,372,258,0.05996771434021242,-0.04272329373783837,0.4731182795698925,1.2095906435463355,-1.1055264375846816,23.051075268817204,0.07414298953303312,-0.09852703150549254,0.24608792174535266
DEV,MOMENTUM_ONLY,3,10:30,PULLBACK_NEW_HIGH,60,1347,372,0.27616926503340755,372,258,-0.017839474873692876,-0.11822032293354169,0.4543010752688172,1.565065281121302,-1.4341042327232854,23.051075268817204,-0.015147338268016773,-0.21095680601374764,0.1926253859980175
DEV,MOMENTUM_ONLY,3,10:30,PULLBACK_NEW_HIGH,120,1347,372,0.27616926503340755,372,258,0.00011606832732618909,-0.07313374452539473,0.4838709677419355,2.052795990114363,-1.9675111830011147,23.051075268817204,-0.05163142803703209,-0.34575642089317643,0.2322721801819437
DEV,MOMENTUM_ONLY,3,10:30,VWAP_RECLAIM,30,1347,298,0.2212323682256867,298,220,-0.03225233076996928,-0.001933701657448016,0.47651006711409394,0.9975437939999093,-1.0342833354940675,19.949664429530202,-0.014276010715722815,-0.18719995591975572,0.16158691205386883
DEV,MOMENTUM_ONLY,3,10:30,VWAP_RECLAIM,60,1347,298,0.2212323682256867,298,220,-0.08394896763226234,-0.12377210216109658,0.43288590604026844,1.3233509288171323,-1.3924849913876294,19.949664429530202,-0.08092775608053465,-0.3103540426935437,0.1393261795610255
DEV,MOMENTUM_ONLY,3,10:30,VWAP_RECLAIM,120,1347,298,0.2212323682256867,298,220,-0.2485901052774391,-0.29163172746969773,0.4563758389261745,1.789953533565796,-1.9794710275906489,19.949664429530202,-0.18644949166111843,-0.48998525084362393,0.11806657972921436
DEV,MOMENTUM_ONLY,3,11:00,CONSOLIDATION_BREAKOUT,30,1347,107,0.07943578322197475,107,99,-0.22779739263393506,-0.22400000000000983,0.3925233644859813,1.1319691458891066,-1.184978819532748,29.065420560747665,-0.2126969792623158,-0.46952647518936796,0.04270195194882803
DEV,MOMENTUM_ONLY,3,11:00,CONSOLIDATION_BREAKOUT,60,1347,107,0.07943578322197475,107,99,-0.1888777266692914,-0.25454545454543615,0.42990654205607476,1.4695378224601396,-1.5475827799798472,29.065420560747665,-0.13957391620790818,-0.4546636805149262,0.18181183204765677
DEV,MOMENTUM_ONLY,3,11:00,CONSOLIDATION_BREAKOUT,120,1347,107,0.07943578322197475,107,99,0.046655066010512045,-0.3576642335766674,0.42990654205607476,2.3609498035126557,-2.1905011483548753,29.065420560747665,0.09365729050674315,-0.47431671587745466,0.7301659452181553
DEV,MOMENTUM_ONLY,3,11:00,IMMEDIATE,30,1347,1347,1.0,1345,449,0.03338313295305257,-0.04573414422242225,0.4706319702602231,1.189877816728056,-1.1190330854037913,5.0,0.033715826579078303,-0.058436364433123014,0.12697107586439468
DEV,MOMENTUM_ONLY,3,11:00,IMMEDIATE,60,1347,1347,1.0,1345,449,-0.005550505372690046,-0.09443507588532854,0.47732342007434947,1.5539457332180262,-1.4653579744470582,5.0,-0.002866432971845,-0.13260712844158756,0.11514386022622976
DEV,MOMENTUM_ONLY,3,11:00,IMMEDIATE,120,1347,1347,1.0,1345,449,-0.04650170627488008,-0.11605124340616953,0.4765799256505576,2.0698958007497543,-1.9825568183881452,5.0,-0.042261763376194916,-0.21237227720261145,0.13627072157161418
DEV,MOMENTUM_ONLY,3,11:00,PULLBACK_NEW_HIGH,30,1347,371,0.27542687453600595,371,267,0.07488880184070572,-0.06658739595717154,0.4636118598382749,1.3482287260680685,-1.1802403005151083,22.654986522911052,0.015280402223934423,-0.17051282780059432,0.2220968217044601
DEV,MOMENTUM_ONLY,3,11:00,PULLBACK_NEW_HIGH,60,1347,371,0.27542687453600595,371,267,0.019854608558592435,-0.13008130081303854,0.4716981132075472,1.7453467467400494,-1.530510846927265,22.654986522911052,-0.04087528595474804,-0.2790658187827733,0.18327879230592314
DEV,MOMENTUM_ONLY,3,11:00,PULLBACK_NEW_HIGH,120,1347,371,0.27542687453600595,371,267,0.07561311288982255,-0.14320096269554755,0.4555256064690027,2.34167883456381,-2.0645519914214896,22.654986522911052,0.01317238812322118,-0.2955438039972768,0.3270463668551135
DEV,MOMENTUM_ONLY,3,11:00,VWAP_RECLAIM,30,1347,227,0.16852264291017074,227,179,-0.18929191883356453,0.011391375101698381,0.5022026431718062,1.073806535927098,-1.2626884246008614,20.066079295154186,-0.1720006108887051,-0.34783035412016144,-0.0007342953650388452
DEV,MOMENTUM_ONLY,3,11:00,VWAP_RECLAIM,60,1347,227,0.16852264291017074,227,179,-0.2338993115879886,-0.2398042414355513,0.43612334801762115,1.3878992384058548,-1.5710404577604322,20.066079295154186,-0.1889685653801106,-0.4384454360650855,0.06621817335946431
DEV,MOMENTUM_ONLY,3,11:00,VWAP_RECLAIM,120,1347,227,0.16852264291017074,227,179,-0.3701292955721324,-0.06285072951740603,0.46255506607929514,1.8818240843787823,-2.2607671892859256,20.066079295154186,-0.3087291742047751,-0.6828677554740721,0.06676400875958598
VALIDATION,FULL_4,1,10:30,CONSOLIDATION_BREAKOUT,30,125,12,0.096,12,12,-0.0992419558726962,-0.43848270440251813,0.4166666666666667,1.1919842848650972,-1.2894136801656035,28.333333333333332,-0.09924195587269619,-0.792742164428585,0.6312128873175988
VALIDATION,FULL_4,1,10:30,CONSOLIDATION_BREAKOUT,60,125,12,0.096,12,12,-0.4456781973441239,-0.7385642174756394,0.16666666666666666,1.5349607104242693,-1.7585987482448031,28.333333333333332,-0.4456781973441238,-1.6666657297051792,0.849975127694474
VALIDATION,FULL_4,1,10:30,CONSOLIDATION_BREAKOUT,120,125,12,0.096,12,12,0.09545039717456115,-0.6665917266187038,0.4166666666666667,2.044381717189592,-2.232707112124077,28.333333333333332,0.09545039717456123,-1.376542502405639,1.8322357932120874
VALIDATION,FULL_4,1,10:30,IMMEDIATE,30,125,125,1.0,125,125,-0.1742575294468152,-0.13539651837524178,0.432,0.9829528232738287,-1.1555316505613706,5.0,-0.1742575294468152,-0.4145222894449248,0.050078148115385766
VALIDATION,FULL_4,1,10:30,IMMEDIATE,60,125,125,1.0,125,125,-0.12582181540089682,-0.18567639257294463,0.416,1.3494258850317498,-1.4567479714174905,5.0,-0.12582181540089682,-0.42163250571385663,0.16432000819869794
VALIDATION,FULL_4,1,10:30,IMMEDIATE,120,125,125,1.0,125,125,-0.07548334173753089,-0.36521739130438713,0.4,1.7682131572176296,-1.8231738667878141,5.0,-0.07548334173753088,-0.4682055564042493,0.32911831458176166
VALIDATION,FULL_4,1,10:30,PULLBACK_NEW_HIGH,30,125,34,0.272,34,34,-0.5292759398817641,-0.6086309523809548,0.35294117647058826,1.0871505696620458,-1.4258761056937852,21.764705882352942,-0.5292759398817642,-1.0672204416946045,0.08281603135696061
VALIDATION,FULL_4,1,10:30,PULLBACK_NEW_HIGH,60,125,34,0.272,34,34,-0.48754635906804833,-0.7733568231174981,0.23529411764705882,1.4713812095403804,-1.9066042394915659,21.764705882352942,-0.48754635906804833,-1.2051473033647873,0.30649813822884486
VALIDATION,FULL_4,1,10:30,PULLBACK_NEW_HIGH,120,125,34,0.272,34,34,-0.5127650507776018,-0.7994846191012872,0.29411764705882354,1.7978888127280408,-2.382682140012319,21.764705882352942,-0.5127650507776019,-1.4977737221855325,0.5046800207142343
VALIDATION,FULL_4,1,10:30,VWAP_RECLAIM,30,125,25,0.2,25,25,-0.01760109627983806,-0.15801354401804998,0.36,0.9893082657513175,-1.1156959142875464,21.4,-0.017601096279838035,-0.5444734036646784,0.6867009284347847
VALIDATION,FULL_4,1,10:30,VWAP_RECLAIM,60,125,25,0.2,25,25,-0.23305348095834702,-0.24911032028470032,0.28,1.1685351369027897,-1.3821610436771348,21.4,-0.23305348095834702,-0.8732094948844651,0.5014404150802865
VALIDATION,FULL_4,1,10:30,VWAP_RECLAIM,120,125,25,0.2,25,25,-0.46153480920483103,-0.18117647058825778,0.44,1.526806860942415,-1.9413117031300704,21.4,-0.461534809204831,-1.2233326615521947,0.3711158060012231
VALIDATION,FULL_4,1,11:00,CONSOLIDATION_BREAKOUT,30,125,11,0.088,11,11,0.21642222159241908,0.0,0.45454545454545453,1.2271092940551542,-0.8690934927223122,26.818181818181817,0.216422221592419,-0.41846252367706693,0.9363424991659943
VALIDATION,FULL_4,1,11:00,CONSOLIDATION_BREAKOUT,60,125,11,0.088,11,11,0.1305409102748717,0.09105691056912606,0.5454545454545454,1.4915392563420062,-1.2318439877286331,26.818181818181817,0.13054091027487164,-0.7063283963841991,1.0627922542552775
VALIDATION,FULL_4,1,11:00,CONSOLIDATION_BREAKOUT,120,125,11,0.088,11,11,0.25401627369140234,0.275797373358349,0.5454545454545454,2.1914696659578206,-1.7556250385060381,26.818181818181817,0.2540162736914023,-1.2650269550672582,1.7942129745980906
VALIDATION,FULL_4,1,11:00,IMMEDIATE,30,125,125,1.0,125,125,0.3213596896212493,0.2110864745010848,0.56,1.5451688392238274,-1.0456094281025368,5.0,0.3213596896212492,0.012097884014734807,0.6442793491694261
VALIDATION,FULL_4,1,11:00,IMMEDIATE,60,125,125,1.0,125,125,0.40270823462925426,0.20255982192542285,0.536,1.9589079629063069,-1.3671904515394298,5.0,0.4027082346292542,-0.02844741803039429,0.8022671406112702
VALIDATION,FULL_4,1,11:00,IMMEDIATE,120,125,125,1.0,125,125,0.6070493610758863,0.26736111111111016,0.544,2.6478212481740377,-1.8351978867754177,5.0,0.6070493610758861,0.028244867582044593,1.2386567572576261
VALIDATION,FULL_4,1,11:00,PULLBACK_NEW_HIGH,30,125,34,0.272,34,34,0.5068244017808443,0.3580562659846685,0.6176470588235294,1.5060999555358043,-0.8598071625810677,24.41176470588235,0.5068244017808443,-0.029933494147944297,1.0660390476805817
VALIDATION,FULL_4,1,11:00,PULLBACK_NEW_HIGH,60,125,34,0.272,34,34,0.9947265043316058,1.1460727708043676,0.7352941176470589,2.2706780926639896,-1.1323901368226683,24.41176470588235,0.9947265043316058,0.22068915126583266,1.8302040813438025
VALIDATION,FULL_4,1,11:00,PULLBACK_NEW_HIGH,120,125,34,0.272,34,34,1.215922261811011,0.8710787222722536,0.5588235294117647,3.5242063404826798,-1.70092670228678,24.41176470588235,1.2159222618110113,-0.0680514884859276,2.574788882060344
VALIDATION,FULL_4,1,11:00,VWAP_RECLAIM,30,125,19,0.152,19,19,0.5040987287911203,0.1872909698997047,0.631578947368421,1.5202636512320489,-0.7740055173566528,18.94736842105263,0.5040987287911202,-0.21300330205813361,1.26627400624773
VALIDATION,FULL_4,1,11:00,VWAP_RECLAIM,60,125,19,0.152,19,19,-0.1183295553399017,-0.5409090909091026,0.3157894736842105,1.700693082562333,-1.1819503283377055,18.94736842105263,-0.11832955533990172,-0.7712837155671637,0.6934791847662128
VALIDATION,FULL_4,1,11:00,VWAP_RECLAIM,120,125,19,0.152,19,19,-0.5416607868346925,-0.8444444444444373,0.3684210526315789,2.073558307748659,-1.8817853421155906,18.94736842105263,-0.5416607868346924,-1.3821755002363465,0.43237518757834226
VALIDATION,FULL_4,3,10:30,CONSOLIDATION_BREAKOUT,30,375,30,0.08,30,27,0.1599365377129575,0.08686903529952834,0.5,1.52108053956821,-1.1307129891027925,28.833333333333332,0.1394159303173587,-0.5082125210208163,0.7346929607954994
VALIDATION,FULL_4,3,10:30,CONSOLIDATION_BREAKOUT,60,375,30,0.08,30,27,-0.19225638281259674,-0.48264735780113455,0.36666666666666664,1.6618131717779645,-1.3716344846610917,28.833333333333332,-0.23499646471341695,-0.8709478920650453,0.4100081866755088
VALIDATION,FULL_4,3,10:30,CONSOLIDATION_BREAKOUT,120,375,30,0.08,30,27,0.00996640006441137,-1.0534387415440607,0.43333333333333335,2.393398895408185,-2.1468781312595078,28.833333333333332,0.012409716994919764,-0.9191929694261125,1.155742098126466
VALIDATION,FULL_4,3,10:30,IMMEDIATE,30,375,375,1.0,375,125,0.009308279987826731,-0.09129267357114457,0.4746666666666667,1.1626616346972538,-1.1525993025691281,5.0,0.009308279987826774,-0.19617849816791094,0.21127676545893845
VALIDATION,FULL_4,3,10:30,IMMEDIATE,60,375,375,1.0,375,125,0.052049920271132116,-0.13999999999999937,0.464,1.5829030458570281,-1.4584682214228377,5.0,0.05204992027113209,-0.18407528091139602,0.3019114729403432
VALIDATION,FULL_4,3,10:30,IMMEDIATE,120,375,375,1.0,375,125,0.1211891547684354,-0.24639999999997875,0.44,2.041495756532176,-1.8608274594289123,5.0,0.12118915476843531,-0.17577036092029005,0.406836525115843
VALIDATION,FULL_4,3,10:30,PULLBACK_NEW_HIGH,30,375,108,0.288,108,75,-0.04026262947500677,-0.06498602546210952,0.49074074074074076,1.369080163136112,-1.2228502018207064,22.22222222222222,-0.16143153922737247,-0.4952682254079062,0.19175045176930186
VALIDATION,FULL_4,3,10:30,PULLBACK_NEW_HIGH,60,375,108,0.288,108,75,-0.04766889041756456,-0.21497163603360742,0.42592592592592593,1.7239956554800695,-1.593806763595579,22.22222222222222,-0.16993012847512057,-0.6333956354168735,0.29741241424434417
VALIDATION,FULL_4,3,10:30,PULLBACK_NEW_HIGH,120,375,108,0.288,108,75,0.0690460669384302,-0.14065860215053372,0.4722222222222222,2.226915439322854,-2.043461133884913,22.22222222222222,-0.09143846768779762,-0.6700961344215726,0.4896511846551309
VALIDATION,FULL_4,3,10:30,VWAP_RECLAIM,30,375,90,0.24,90,65,-0.016080840724655477,-0.04233052410545963,0.4666666666666667,1.0480215200419682,-1.1355248696887905,21.055555555555557,0.03357574920749985,-0.2671522394581184,0.34699558454309226
VALIDATION,FULL_4,3,10:30,VWAP_RECLAIM,60,375,90,0.24,90,65,0.08858535978571853,-0.19442889361631877,0.4222222222222222,1.4489619186742806,-1.3874512226579832,21.055555555555557,0.25294965910528877,-0.16562257331631663,0.6837660637317673
VALIDATION,FULL_4,3,10:30,VWAP_RECLAIM,120,375,90,0.24,90,65,0.16456931132030744,-0.19027177959792635,0.4666666666666667,1.9617111333095494,-1.7634150463844684,21.055555555555557,0.340843804001155,-0.23142243092226583,1.0253476631434761
VALIDATION,FULL_4,3,11:00,CONSOLIDATION_BREAKOUT,30,375,25,0.06666666666666667,25,25,-0.12890866516215496,-0.4836363636363603,0.36,1.1200969994262207,-1.1402000095809626,27.2,-0.12890866516215493,-0.5928416341176554,0.4227984456557114
VALIDATION,FULL_4,3,11:00,CONSOLIDATION_BREAKOUT,60,375,25,0.06666666666666667,25,25,-0.1626968712749639,-0.08805031446539537,0.48,1.383922451799945,-1.535035012306901,27.2,-0.16269687127496385,-0.8617544790606406,0.5322860707606007
VALIDATION,FULL_4,3,11:00,CONSOLIDATION_BREAKOUT,120,375,25,0.06666666666666667,25,25,-0.24701993607210496,-0.35303388494875826,0.36,1.9990999042773967,-2.0998292756886126,27.2,-0.2470199360721049,-1.16075370084718,0.7842171493540425
VALIDATION,FULL_4,3,11:00,IMMEDIATE,30,375,375,1.0,375,125,0.11081043908385156,0.032710280373848176,0.5093333333333333,1.3695732397324958,-1.1444293536880783,5.0,0.1108104390838515,-0.08387736041113361,0.31486492835289703
VALIDATION,FULL_4,3,11:00,IMMEDIATE,60,375,375,1.0,375,125,0.11362152875411181,0.0,0.49333333333333335,1.7757582538728485,-1.5421636933631628,5.0,0.11362152875411183,-0.15293658027995116,0.39655616642476843
VALIDATION,FULL_4,3,11:00,IMMEDIATE,120,375,375,1.0,375,125,0.2618652048411727,0.045016077170479556,0.5093333333333333,2.331429314196503,-1.9817510948872654,5.0,0.2618652048411727,-0.08680577994230279,0.6195613192110802
VALIDATION,FULL_4,3,11:00,PULLBACK_NEW_HIGH,30,375,99,0.264,99,75,0.19252307213098568,0.02671755725195955,0.5050505050505051,1.5512924118633065,-1.2100248970912557,21.666666666666668,0.1292154313368131,-0.23400219952995727,0.49203292657583647
VALIDATION,FULL_4,3,11:00,PULLBACK_NEW_HIGH,60,375,99,0.264,99,75,0.317753425468591,0.4660452729693691,0.6060606060606061,2.0216331118549262,-1.5690712743369413,21.666666666666668,0.1626105459095416,-0.33771558166290494,0.6224810239499021
VALIDATION,FULL_4,3,11:00,PULLBACK_NEW_HIGH,120,375,99,0.264,99,75,0.42801581869640054,-0.028,0.48484848484848486,2.833552280971591,-2.076867075746844,21.666666666666668,0.2859365697703893,-0.3962620944891618,0.9944117692484229
VALIDATION,FULL_4,3,11:00,VWAP_RECLAIM,30,375,70,0.18666666666666668,70,54,-0.12407768811066967,-0.112406015037598,0.42857142857142855,1.2050304776394296,-1.2303413301188306,20.571428571428573,-0.19200073282246882,-0.573771061338207,0.1957339287478666
VALIDATION,FULL_4,3,11:00,VWAP_RECLAIM,60,375,70,0.18666666666666668,70,54,-0.2947841701050116,-0.41963419186264683,0.4142857142857143,1.3652410909121744,-1.5800366911181942,20.571428571428573,-0.33798566312293093,-0.7712878962355652,0.07035635000233406
VALIDATION,FULL_4,3,11:00,VWAP_RECLAIM,120,375,70,0.18666666666666668,70,54,-0.41177180179578227,-0.16617391304347828,0.45714285714285713,1.8059502229083468,-2.0728093915343564,20.571428571428573,-0.41855439521338034,-1.0387671606252111,0.1468403475215147
VALIDATION,MOMENTUM_ONLY,1,10:30,CONSOLIDATION_BREAKOUT,30,125,13,0.104,13,13,0.2685251402450938,-0.5986842105263226,0.38461538461538464,1.4288381922120559,-1.0734050227326097,29.615384615384617,0.2685251402450938,-0.5425261250878209,1.1800950951451161
VALIDATION,MOMENTUM_ONLY,1,10:30,CONSOLIDATION_BREAKOUT,60,125,13,0.104,13,13,0.06587101098968094,0.11878787878787879,0.5384615384615384,1.7190883263013625,-1.6637376853623258,29.615384615384617,0.0658710109896809,-1.2371284413956354,1.4346894888021124
VALIDATION,MOMENTUM_ONLY,1,10:30,CONSOLIDATION_BREAKOUT,120,125,13,0.104,13,13,0.07660971493340618,-0.9438202247191363,0.38461538461538464,2.3535525057270537,-2.0742361540657797,29.615384615384617,0.07660971493340635,-1.1440334136690542,1.362956673270505
VALIDATION,MOMENTUM_ONLY,1,10:30,IMMEDIATE,30,125,125,1.0,124,124,0.0694356766326132,0.00829056454797183,0.5,1.1275873440694704,-0.9569845740293804,5.0,0.06943567663261317,-0.1811813182816326,0.3355999646233927
VALIDATION,MOMENTUM_ONLY,1,10:30,IMMEDIATE,60,125,125,1.0,124,124,0.22629534986422406,0.017212576059484428,0.5080645161290323,1.5817321690744217,-1.2130384440239146,5.0,0.22629534986422412,-0.09191729585842616,0.5316110494757759
VALIDATION,MOMENTUM_ONLY,1,10:30,IMMEDIATE,120,125,125,1.0,124,124,0.20486511658346096,-0.20783055198972789,0.4596774193548387,1.9648135030583136,-1.5715644916483238,5.0,0.204865116583461,-0.19290138263421008,0.6158295716559642
VALIDATION,MOMENTUM_ONLY,1,10:30,PULLBACK_NEW_HIGH,30,125,29,0.232,29,29,-0.07505130590622827,-0.2471910112359599,0.4827586206896552,1.3443929614886614,-1.1935204555780947,21.551724137931036,-0.07505130590622834,-0.7440371511440224,0.6371539235836411
VALIDATION,MOMENTUM_ONLY,1,10:30,PULLBACK_NEW_HIGH,60,125,29,0.232,29,29,-0.41335915803083917,-0.3669354838709885,0.41379310344827586,1.6312413932305694,-1.7797819178604182,21.551724137931036,-0.4133591580308392,-1.2085053622557647,0.5398832844465052
VALIDATION,MOMENTUM_ONLY,1,10:30,PULLBACK_NEW_HIGH,120,125,29,0.232,29,29,-0.3345687150416299,-0.46666666666664236,0.41379310344827586,2.0139990381279937,-2.283199735707754,21.551724137931036,-0.3345687150416298,-1.4051435174175295,0.7128145440928193
VALIDATION,MOMENTUM_ONLY,1,10:30,VWAP_RECLAIM,30,125,24,0.192,24,24,0.3409942527116508,-0.07882310207046635,0.4583333333333333,1.1300152292553245,-1.0096733466598675,19.166666666666668,0.3409942527116508,-0.28565027357670075,1.1789329303602525
VALIDATION,MOMENTUM_ONLY,1,10:30,VWAP_RECLAIM,60,125,24,0.192,24,24,0.36227704394251625,-0.11500633179958489,0.4583333333333333,1.5466667089105266,-1.2199219788745943,19.166666666666668,0.3622770439425162,-0.35652491008257625,1.2031309269898025
VALIDATION,MOMENTUM_ONLY,1,10:30,VWAP_RECLAIM,120,125,24,0.192,24,24,0.21136144603854146,-0.27811135829824357,0.4583333333333333,1.9179052897582975,-1.614692071775994,19.166666666666668,0.21136144603854143,-0.5695886412976878,1.095714909208421
VALIDATION,MOMENTUM_ONLY,1,11:00,CONSOLIDATION_BREAKOUT,30,125,10,0.08,10,10,0.2942549000553159,0.1714161106832265,0.6,1.3309803331959587,-0.9707452843419127,29.5,0.29425490005531585,-0.40448420259804874,1.0214110478180016
VALIDATION,MOMENTUM_ONLY,1,11:00,CONSOLIDATION_BREAKOUT,60,125,10,0.08,10,10,0.222636829956395,0.12425385359759328,0.6,1.4825777017850936,-1.0816717115926735,29.5,0.22263682995639505,-0.2726997990089366,0.7806843007858679
VALIDATION,MOMENTUM_ONLY,1,11:00,CONSOLIDATION_BREAKOUT,120,125,10,0.08,10,10,0.9439030001789745,0.45069296042193807,0.6,2.0522354793734445,-1.491240892686895,29.5,0.9439030001789745,-0.22573334755893645,2.2076497310756134
VALIDATION,MOMENTUM_ONLY,1,11:00,IMMEDIATE,30,125,125,1.0,125,125,0.33192805454693086,0.09790209790208351,0.544,1.357011160588497,-0.9964154180874304,5.0,0.3319280545469309,0.07989299610832863,0.6034511201837314
VALIDATION,MOMENTUM_ONLY,1,11:00,IMMEDIATE,60,125,125,1.0,125,125,0.37557819243639246,0.20255982192542285,0.552,1.7941039121136655,-1.3322922097861447,5.0,0.3755781924363924,0.03892145164297401,0.6980850250764565
VALIDATION,MOMENTUM_ONLY,1,11:00,IMMEDIATE,120,125,125,1.0,125,125,0.3542585696566208,0.0,0.496,2.1390151105454382,-1.7020344483721341,5.0,0.3542585696566208,-0.05445050838918731,0.8422500580037225
VALIDATION,MOMENTUM_ONLY,1,11:00,PULLBACK_NEW_HIGH,30,125,37,0.296,37,37,0.17530581756293326,0.06560449859416702,0.5135135135135135,1.3173046127542212,-0.9504718867166794,23.10810810810811,0.17530581756293326,-0.26316667926591164,0.638474261545869
VALIDATION,MOMENTUM_ONLY,1,11:00,PULLBACK_NEW_HIGH,60,125,37,0.296,37,37,0.33662133699849706,0.30701754385964514,0.6216216216216216,1.7447888274291266,-1.1714080666869937,23.10810810810811,0.33662133699849706,-0.22318379780626194,0.8946292541771923
VALIDATION,MOMENTUM_ONLY,1,11:00,PULLBACK_NEW_HIGH,120,125,37,0.296,37,37,0.40261487764973636,0.08092485549133258,0.5135135135135135,2.402624629261045,-1.79812048695591,23.10810810810811,0.4026148776497364,-0.6169637224493475,1.5119825752711031
VALIDATION,MOMENTUM_ONLY,1,11:00,VWAP_RECLAIM,30,125,30,0.24,30,30,0.5299284538499234,0.3326866695777002,0.6333333333333333,1.4809576495988723,-0.9154097335221743,22.0,0.5299284538499236,-0.0281735106244323,1.1333523783327453
VALIDATION,MOMENTUM_ONLY,1,11:00,VWAP_RECLAIM,60,125,30,0.24,30,30,0.2929138853117639,-0.27515145797252927,0.4666666666666667,1.6430298361746962,-1.1409697622255337,22.0,0.2929138853117639,-0.22339917519158486,0.8789534727616398
VALIDATION,MOMENTUM_ONLY,1,11:00,VWAP_RECLAIM,120,125,30,0.24,30,30,0.07180790163128677,0.00558659217877095,0.5,1.8722901606744076,-1.595364264049027,22.0,0.07180790163128677,-0.6106197971490624,0.7591141370438167
VALIDATION,MOMENTUM_ONLY,3,10:30,CONSOLIDATION_BREAKOUT,30,375,40,0.10666666666666667,40,34,0.061073634855627466,-0.25040690875760907,0.45,1.0762916589250469,-1.088976365199927,29.25,0.06339520066097913,-0.3560003589230406,0.49241064463836387
VALIDATION,MOMENTUM_ONLY,3,10:30,CONSOLIDATION_BREAKOUT,60,375,40,0.10666666666666667,40,34,-0.10150075927312781,-0.13984655880844762,0.475,1.3801115878781567,-1.503661084755266,29.25,-0.0718977292828976,-0.5636853288136262,0.466334257059834
VALIDATION,MOMENTUM_ONLY,3,10:30,CONSOLIDATION_BREAKOUT,120,375,40,0.10666666666666667,40,34,0.19091976047201306,-0.058396464646468214,0.5,2.0599172819460536,-1.9541119643832168,29.25,0.1057367793445182,-0.5777732896673304,0.9168292762881383
VALIDATION,MOMENTUM_ONLY,3,10:30,IMMEDIATE,30,375,375,1.0,374,125,0.013409002472874994,-0.10062015877511368,0.4679144385026738,1.0811546165330708,-1.0246719800702515,5.0,0.011822154312492342,-0.1425895973098148,0.17716665651103647
VALIDATION,MOMENTUM_ONLY,3,10:30,IMMEDIATE,60,375,375,1.0,374,125,0.07025982667168387,-0.02023454709312038,0.48128342245989303,1.4535240640865112,-1.304167676220945,5.0,0.06755548572878456,-0.12363628010044526,0.25273602014796304
VALIDATION,MOMENTUM_ONLY,3,10:30,IMMEDIATE,120,375,375,1.0,374,125,0.20012214532838138,-0.16086642726376038,0.4679144385026738,1.8513259883087436,-1.624762275479989,5.0,0.1979605240736246,-0.07545421570036516,0.4558992545471728
VALIDATION,MOMENTUM_ONLY,3,10:30,PULLBACK_NEW_HIGH,30,375,92,0.24533333333333332,92,67,-0.07162403068432292,-0.13254492600423876,0.4782608695652174,1.20972364774001,-1.1535122466223557,22.66304347826087,-0.042156873980060273,-0.3977730647791473,0.31716135803917
VALIDATION,MOMENTUM_ONLY,3,10:30,PULLBACK_NEW_HIGH,60,375,92,0.24533333333333332,92,67,-0.17332287869272364,-0.03754844961242945,0.4891304347826087,1.5145361740395904,-1.6109191687199533,22.66304347826087,-0.10602910566694979,-0.6146494257414097,0.35225790489444714
VALIDATION,MOMENTUM_ONLY,3,10:30,PULLBACK_NEW_HIGH,120,375,92,0.24533333333333332,92,67,-0.049729993176221406,-0.16092940187703314,0.4673913043478261,1.8417279403216302,-1.9907182363300662,22.66304347826087,-0.0346677832078198,-0.5616576026672336,0.5285135230413859
VALIDATION,MOMENTUM_ONLY,3,10:30,VWAP_RECLAIM,30,375,87,0.232,87,61,0.17912601462257585,0.0,0.4827586206896552,1.1651474910022244,-1.0510799578325152,20.862068965517242,0.10134909998506549,-0.2462401103043874,0.5105205614376381
VALIDATION,MOMENTUM_ONLY,3,10:30,VWAP_RECLAIM,60,375,87,0.232,87,61,0.2676253187370387,-0.050853614239012045,0.47126436781609193,1.591047348905675,-1.2833237917451743,20.862068965517242,0.19171446812621373,-0.2224311278355099,0.668186049904411
VALIDATION,MOMENTUM_ONLY,3,10:30,VWAP_RECLAIM,120,375,87,0.232,87,61,0.14427743797656004,0.2018018018018485,0.5172413793103449,1.9405126150984784,-1.669412962940443,20.862068965517242,0.08018822553825923,-0.40468658440574534,0.6327639714672928
VALIDATION,MOMENTUM_ONLY,3,11:00,CONSOLIDATION_BREAKOUT,30,375,37,0.09866666666666667,37,30,-0.27417060011056665,-0.4836363636363603,0.3783783783783784,1.1064673250579715,-1.249126713760134,29.18918918918919,-0.23855785276480793,-0.7098566023770123,0.31270465908452394
VALIDATION,MOMENTUM_ONLY,3,11:00,CONSOLIDATION_BREAKOUT,60,375,37,0.09866666666666667,37,30,-0.4984990880548696,-0.10486891385770157,0.43243243243243246,1.3054909328585,-1.7176558392756136,29.18918918918919,-0.47901222030010093,-1.2520112864309447,0.22773922939731356
VALIDATION,MOMENTUM_ONLY,3,11:00,CONSOLIDATION_BREAKOUT,120,375,37,0.09866666666666667,37,30,-0.31944809644999916,-0.19483101391648142,0.4864864864864865,1.967096011390378,-2.3226251139051484,29.18918918918919,-0.3467516078283029,-1.3379879547527997,0.6883955237943844
VALIDATION,MOMENTUM_ONLY,3,11:00,IMMEDIATE,30,375,375,1.0,375,125,0.03201286221729632,-0.06481481481481481,0.47733333333333333,1.215267954982474,-1.145476640022418,5.0,0.032012862217296344,-0.15935655105501007,0.22997264761111938
VALIDATION,MOMENTUM_ONLY,3,11:00,IMMEDIATE,60,375,375,1.0,375,125,0.07622673670902193,0.036745406824155315,0.512,1.6162436105254485,-1.497472279309043,5.0,0.07622673670902196,-0.1829661228531723,0.3187757663063914
VALIDATION,MOMENTUM_ONLY,3,11:00,IMMEDIATE,120,375,375,1.0,375,125,0.18697471973003343,0.10144927536233973,0.52,2.0810889358609415,-1.9029697883585772,5.0,0.18697471973003355,-0.12894748612817522,0.4932654894564647
VALIDATION,MOMENTUM_ONLY,3,11:00,PULLBACK_NEW_HIGH,30,375,105,0.28,105,76,0.07460270513646795,-0.1111111111111111,0.47619047619047616,1.2482670161721572,-1.1001329765203167,22.38095238095238,-0.039280544637387,-0.34571610786316764,0.26394556114993917
VALIDATION,MOMENTUM_ONLY,3,11:00,PULLBACK_NEW_HIGH,60,375,105,0.28,105,76,0.14860969153879625,0.09364548494985415,0.5428571428571428,1.6247897717021627,-1.4304683254182537,22.38095238095238,0.02778577054727129,-0.44380164612843187,0.4661482293078929
VALIDATION,MOMENTUM_ONLY,3,11:00,PULLBACK_NEW_HIGH,120,375,105,0.28,105,76,0.32426959301679614,0.06635071090048966,0.5047619047619047,2.314643119076271,-1.9490125900458506,22.38095238095238,0.06809336386862853,-0.5075603571284663,0.7021675422154011
VALIDATION,MOMENTUM_ONLY,3,11:00,VWAP_RECLAIM,30,375,84,0.224,84,64,0.28161050753792044,0.17180981018602476,0.5357142857142857,1.4065074392487138,-1.1372093792291333,21.428571428571427,0.24531465569793418,-0.07978270692461731,0.55680079967498
VALIDATION,MOMENTUM_ONLY,3,11:00,VWAP_RECLAIM,60,375,84,0.224,84,64,0.28977018727555953,0.1394784179055755,0.5119047619047619,1.6685946025075116,-1.3659932974041151,21.428571428571427,0.3172340196814192,-0.07313483222314879,0.6849997119164539
VALIDATION,MOMENTUM_ONLY,3,11:00,VWAP_RECLAIM,120,375,84,0.224,84,64,0.2258956073266997,0.06748945477269924,0.5357142857142857,2.101199828864953,-1.709480298085068,21.428571428571427,0.2517006735519517,-0.19022476954919051,0.7010995361922084
